time,radius,x,y
0,radius=0.6159809,0.6551801,0.7275409
0,radius=0.14854908,0.029001236,0.19906336
0,radius=0.6539543,0.9785685,0.8559486
0,radius=0.065833926,0.7897983,0.8827585
0,radius=0.21189594,0.9486455,0.47728068
0,radius=0.3065207,0.29098082,0.7816995
0,radius=0.8388796,0.5672805,0.27197123
0,radius=0.9634674,0.6774461,0.69228745
0,radius=0.768777,0.96884423,0.25233793
0,radius=0.4781645,0.24811155,0.3883384
0,radius=0.6033846,0.8201523,0.26357323
0,radius=0.67604244,0.22751713,0.66199625
0,radius=0.88020104,0.37670535,0.46248454
0,radius=0.9697464,0.333911,0.05155605
0,radius=0.4226598,0.5955314,0.3496197
0,radius=0.45155573,0.42852485,0.7598712
0,radius=0.95940465,0.06755817,0.629701
0,radius=0.7107055,0.46247286,0.09461945
0,radius=0.63763547,0.3095311,0.9623486
0,radius=0.11074877,0.04518503,0.32350326
0,radius=0.82954234,0.6201753,0.4438941
0,radius=0.86882025,0.36160702,0.73228467
0,radius=0.07390499,0.13505203,0.75416905
0,radius=0.02746129,0.31496215,0.43031305
0,radius=0.4290805,0.44096553,0.4992813
0,radius=0.009438813,0.47775722,0.3196349
0,radius=0.7881994,0.6958668,0.9231444
0,radius=0.6706874,0.2851572,0.17513078
0,radius=0.15231508,0.7274243,0.9789878
0,radius=0.044253945,0.9588077,0.9564964
0,radius=0.23560435,0.345514,0.41042393
0,radius=0.38205636,0.23553276,0.8217961
0,radius=0.24093974,0.9131452,0.23249626
0,radius=0.5089466,0.6852537,0.24474287
0,radius=0.6682001,0.3611837,0.9347665
0,radius=0.8258745,0.79501975,0.29985636
0,radius=0.49672025,0.5189524,0.44648558
0,radius=0.6229192,0.27693748,0.53521395
0,radius=0.26096052,0.92979455,0.7646063
0,radius=0.34688932,0.95300275,0.24933326
1,radius=0.31807494,0.72517425,0.2976994
1,radius=0.21206892,0.037431777,0.07149416
1,radius=0.5040955,0.39383668,0.59418607
1,radius=0.21186376,0.6922662,0.772761
1,radius=0.7144208,0.99302393,0.64617664
1,radius=0.76517427,0.6356146,0.4975298
1,radius=0.06863928,0.15663332,0.42651284
1,radius=0.06974906,0.2309131,0.4641338
1,radius=0.4718173,0.6156979,0.45746285
1,radius=0.7940698,0.0011575222,0.5327362
1,radius=0.71592945,0.4923463,0.85144293
1,radius=0.69373345,0.76007277,0.6809207
1,radius=0.24264044,0.2355662,0.14506191
1,radius=0.5527205,0.20463061,0.3870204
1,radius=0.9619292,0.40297973,0.91804487
1,radius=0.322814,0.42380327,0.4863251
1,radius=0.8914728,0.60807496,0.97386557
1,radius=0.16029787,0.8733871,0.46392512
1,radius=0.50761354,0.4904346,0.2374056
1,radius=0.05562806,0.6343877,0.7106761
1,radius=0.34758306,0.69902766,0.8102556
1,radius=0.14499015,0.93539035,0.17078406
1,radius=0.21191967,0.46906215,0.64663005
1,radius=0.7684145,0.5856045,0.42023605
1,radius=0.7551038,0.9256802,0.08281022
1,radius=0.22320837,0.21636415,0.77887565
1,radius=0.51391786,0.39004964,0.14095277
1,radius=0.2846442,0.1290732,0.055832148
1,radius=0.8093807,0.19775611,0.23234403
1,radius=0.33348948,0.20358402,0.2686661
1,radius=0.7992536,0.0996508,0.8801816
1,radius=0.45955962,0.08948332,0.2713468
1,radius=0.8136593,0.30107147,0.7064723
1,radius=0.69404864,0.5623392,0.9201143
1,radius=0.97510767,0.75498956,0.9920181
1,radius=0.91560334,0.09961814,0.3607635
1,radius=0.58244395,0.49976116,0.6786822
1,radius=0.90154964,0.55695206,0.9676902
1,radius=0.5368191,0.77086604,0.24782991
1,radius=0.119722545,0.8641215,0.2525099
2,radius=0.8154306,0.24161148,0.7845002
2,radius=0.9544761,0.6156118,0.7789615
2,radius=0.06247896,0.050442457,0.19944775
2,radius=0.15981674,0.14967006,0.13317215
2,radius=0.8537337,0.47865504,0.6930407
2,radius=0.36671615,0.6109554,0.3890133
2,radius=0.039352,0.6722813,0.9575388
2,radius=0.2872163,0.56903803,0.97222024
2,radius=0.8307327,0.3230613,0.33301413
2,radius=0.49048048,0.7651836,0.8470004
2,radius=0.21070445,0.03929603,0.43356365
2,radius=0.6581742,0.31432867,0.79143727
2,radius=0.3095652,0.23672795,0.095415175
2,radius=0.886479,0.11090237,0.10239053
2,radius=0.26091313,0.743795,0.66500694
2,radius=0.56762445,0.7650599,0.62797964
2,radius=0.0068598986,0.6792201,0.53687185
2,radius=0.6358928,0.75845504,0.75156945
2,radius=0.34992808,0.22839636,0.059975028
2,radius=0.97571486,0.0997901,0.9221237
2,radius=0.6967268,0.48144662,0.37437177
2,radius=0.07340968,0.281708,0.47916
2,radius=0.37387192,0.44208694,0.8654586
2,radius=0.7109572,0.14017439,0.6095876
2,radius=0.62232244,0.09677613,0.5122003
2,radius=0.36420298,0.040750086,0.8244784
2,radius=0.94546914,0.9550675,0.57579654
2,radius=0.059268296,0.17363971,0.082212806
2,radius=0.021103024,0.24712002,0.89021385
2,radius=0.6377596,0.9576333,0.6717546
2,radius=0.07368761,0.3759961,0.8351065
2,radius=0.4609518,0.043643236,0.7788531
2,radius=0.3529135,0.7945492,0.733623
2,radius=0.6373957,0.40941888,0.265445
2,radius=0.3047843,0.10678649,0.5766638
2,radius=0.51147413,0.04858756,0.8572468
2,radius=0.6919517,0.6484913,0.37403315
2,radius=0.16047728,0.11458725,0.17481524
2,radius=0.52277374,0.37156707,0.61675924
2,radius=0.81893337,0.87195784,0.92048925
3,radius=0.07658386,0.05848694,0.103183985
3,radius=0.50465506,0.20897686,0.83952427
3,radius=0.11191696,0.6700543,0.027764738
3,radius=0.13584232,0.95944583,0.09053618
3,radius=0.208476,0.6065205,0.5703848
3,radius=0.99666107,0.37034678,0.2936713
3,radius=0.70996934,0.8727778,0.29765356
3,radius=0.9854125,0.61405563,0.7219338
3,radius=0.71375984,0.25380707,0.5724405
3,radius=0.713035,0.37420613,0.533349
3,radius=0.22987944,0.9754565,0.043224335
3,radius=0.99772656,0.18240029,0.39856124
3,radius=0.15196407,0.86137486,0.80544657
3,radius=0.5875652,0.50198513,0.18808168
3,radius=0.68335706,0.70980185,0.2478264
3,radius=0.9576153,0.24814016,0.064228535
3,radius=0.8694728,0.41460252,0.4640063
3,radius=0.4401436,0.80918205,0.008920908
3,radius=0.500373,0.9573393,0.60541785
3,radius=0.20654202,0.16087341,0.2487123
3,radius=0.49569094,0.29253525,0.42323
3,radius=0.84772974,0.6942021,0.9579331
3,radius=0.29176795,0.1577704,0.5716803
3,radius=0.92907745,0.47103143,0.72951806
3,radius=0.2942381,0.39728028,0.28875577
3,radius=0.9681838,0.7140464,0.2891041
3,radius=0.1857794,0.1869281,0.37392473
3,radius=0.9999093,0.75892633,0.85959
3,radius=0.89543194,0.6277466,0.30314225
3,radius=0.38851595,0.098737895,0.78905135
3,radius=0.5170541,0.96631235,0.36358446
3,radius=0.085391164,0.18058014,0.58877474
3,radius=0.72326887,0.30083758,0.30632114
3,radius=0.7757329,0.3051837,0.53710085
3,radius=0.3334087,0.5233796,0.13753438
3,radius=0.09873319,0.15159035,0.7827458
3,radius=0.25605655,0.89944994,0.096042275
3,radius=0.8118716,0.018637836,0.11454123
3,radius=0.97428745,0.9520811,0.6995836
3,radius=0.41067255,0.8133556,0.24037099
4,radius=0.7038559,0.99043006,0.61350566
4,radius=0.6438816,0.2617361,0.5844767
4,radius=0.33747727,0.4608394,0.586929
4,radius=0.18220145,0.3043055,0.22903967
4,radius=0.93165445,0.5505868,0.5041227
4,radius=0.34799898,0.9282663,0.8845438
4,radius=0.6995738,0.16634417,0.98923284
4,radius=0.58575344,0.72338206,0.7033213
4,radius=0.02908814,0.36348706,0.9209876
4,radius=0.65991575,0.649867,0.11795908
4,radius=0.3732376,0.5994984,0.5052737
4,radius=0.07841492,0.53596896,0.21522301
4,radius=0.5300877,0.10344583,0.33125073
4,radius=0.65269053,0.18481654,0.7351569
4,radius=0.9653198,0.06716752,0.18170941
4,radius=0.31010264,0.16777283,0.18853927
4,radius=0.20292854,0.14980769,0.6229059
4,radius=0.19594175,0.5365324,0.016759515
4,radius=0.96538585,0.797545,0.99819195
4,radius=0.76571125,0.34747857,0.02724868
4,radius=0.899081,0.53576607,0.6532744
4,radius=0.9452424,0.60163474,0.209993
4,radius=0.47676265,0.52772874,0.5789606
4,radius=0.96330523,0.9258959,0.49499446
4,radius=0.08033311,0.97621787,0.7352284
4,radius=0.4269479,0.9897679,0.21521068
4,radius=0.5272295,0.099855065,0.24811977
4,radius=0.17619878,0.9595029,0.7240585
4,radius=0.058091998,0.71562946,0.92504793
4,radius=0.42483526,0.7882044,0.3166741
4,radius=0.5691665,0.4702524,0.08399266
4,radius=0.07168859,0.17407185,0.072039664
4,radius=0.7459885,0.22551799,0.6057191
4,radius=0.05738288,0.77344686,0.68939805
4,radius=0.07252818,0.89852303,0.9450836
4,radius=0.5773437,0.10878962,0.88864183
4,radius=0.0236032,0.5643395,0.5535498
4,radius=0.14035016,0.25551862,0.9498052
4,radius=0.57620066,0.35893285,0.1832881
4,radius=0.4152637,0.6210182,0.38622338
5,radius=0.31698853,0.07923454,0.7017077
5,radius=0.27149743,0.73422134,0.6295921
5,radius=0.32442373,0.1973244,0.006667912
5,radius=0.5813215,0.62890524,0.32136732
5,radius=0.8234533,0.2689711,0.06868476
5,radius=0.13747811,0.084584475,0.3168428
5,radius=0.46852314,0.58057135,0.6538727
5,radius=0.80127865,0.5292986,0.9019351
5,radius=0.40010566,0.94557214,0.48737627
5,radius=0.5825796,0.65108144,0.5277565
5,radius=0.51968837,0.15703893,0.18251133
5,radius=0.48932612,0.5422585,0.11798787
5,radius=0.45524734,0.26151568,0.26345587
5,radius=0.20647156,0.9265536,0.59169614
5,radius=0.53342927,0.10662776,0.39910007
5,radius=0.6879725,0.69064397,0.24130857
5,radius=0.8680171,0.1030373,0.21104759
5,radius=0.28038466,0.59285,0.26222754
5,radius=0.18406856,0.54178905,0.8968452
5,radius=0.9846412,0.094472826,0.49218386
5,radius=0.79806745,0.8448334,0.90526855
5,radius=0.48581088,0.15090531,0.13637245
5,radius=0.2926703,0.05351931,0.7461927
5,radius=0.40337414,0.061065555,0.9467017
5,radius=0.3352216,0.6436474,0.69853073
5,radius=0.6210633,0.9372296,0.014507413
5,radius=0.8594215,0.4216045,0.019515336
5,radius=0.11248779,0.37073255,0.80230916
5,radius=0.24030852,0.08959365,0.44722635
5,radius=0.02185613,0.7811478,0.21548271
5,radius=0.9138465,0.83086383,0.81018734
5,radius=0.21676666,0.82284594,0.2780255
5,radius=0.08106929,0.30684274,0.32070267
5,radius=0.37392062,0.9323916,0.26327407
5,radius=0.5727016,0.5648187,0.18713683
5,radius=0.9813336,0.05060947,0.7776068
5,radius=0.41457886,0.4141438,0.29385197
5,radius=0.8348454,0.29216868,0.7497266
5,radius=0.08283514,0.83031434,0.052843034
5,radius=0.63670903,0.7334913,0.26528186
6,radius=0.7500811,0.7694258,0.7367676
6,radius=0.7318858,0.40752047,0.3729319
6,radius=0.13563901,0.09853804,0.30830014
6,radius=0.29218978,0.10210663,0.07254058
6,radius=0.2625208,0.07468259,0.8357494
6,radius=0.5051248,0.6348106,0.21527189
6,radius=0.5788159,0.5054594,0.9683786
6,radius=0.47283024,0.37202078,0.58464974
6,radius=0.883314,0.055201292,0.64609015
6,radius=0.4872623,0.9650002,0.4050249
6,radius=0.9353598,0.42029387,0.14215803
6,radius=0.016049147,0.42549986,0.12458104
6,radius=0.7305702,0.69966877,0.007205963
6,radius=0.893108,0.09595865,0.17742634
6,radius=0.3422798,0.8739177,0.053935945
6,radius=0.48556834,0.70186836,0.5924122
6,radius=0.29068238,0.89656216,0.005807817
6,radius=0.7694042,0.4473927,0.3594824
6,radius=0.27722532,0.018638134,0.08510339
6,radius=0.5717121,0.2811051,0.59255713
6,radius=0.63288426,0.96945757,0.2958724
6,radius=0.86038464,0.048310697,0.18074411
6,radius=0.08276129,0.8912839,0.2895146
6,radius=0.85407025,0.18150097,0.2612418
6,radius=0.64594674,0.5566027,0.6385067
6,radius=0.77981186,0.41140062,0.44116932
6,radius=0.33423394,0.15698278,0.5471175
6,radius=0.19045377,0.84172547,0.006875634
6,radius=0.69227844,0.9544417,0.5438403
6,radius=0.96000856,0.7794211,0.46366322
6,radius=0.8405226,0.86641175,0.32690847
6,radius=0.60209846,0.17119706,0.09546971
6,radius=0.26130074,0.60136473,0.19552886
6,radius=0.143174,0.49920648,0.82920635
6,radius=0.45605963,0.15228134,0.9489347
6,radius=0.31322336,0.77944857,0.43509668
6,radius=0.61316276,0.6036659,0.35315055
6,radius=0.70228225,0.94913447,0.041103184
6,radius=0.088422894,0.87489766,0.014991641
6,radius=0.67556393,0.49876833,0.16208208
7,radius=0.26743305,0.5487736,0.35337842
7,radius=0.547214,0.79868287,0.83100307
7,radius=0.4829477,0.55112994,0.3279509
7,radius=0.6614339,0.13854659,0.6497396
7,radius=0.46029186,0.281523,0.9238822
7,radius=0.35363948,0.40699995,0.76955277
7,radius=0.72346437,0.020415664,0.1903705
7,radius=0.9466551,0.7427007,0.5174718
7,radius=0.2064817,0.09273666,0.76335466
7,radius=0.48837984,0.5732755,0.018919349
7,radius=0.81733674,0.45142263,0.6809698
7,radius=0.40046018,0.16530603,0.29513758
7,radius=0.9053532,0.08635956,0.95237195
7,radius=0.36703748,0.13653606,0.69420177
7,radius=0.14759493,0.9237852,0.47660065
7,radius=0.44951534,0.19390565,0.94756997
7,radius=0.54529124,0.419545,0.17802978
7,radius=0.28602558,0.44501,0.9563515
7,radius=0.64418876,0.3716358,0.7321648
7,radius=0.9413077,0.42953092,0.87919027
7,radius=0.14420182,0.90314794,0.99284935
7,radius=0.12262279,0.27892488,0.058707595
7,radius=0.681199,0.6397384,0.619057
7,radius=0.046425104,0.6622018,0.70730054
7,radius=0.96016663,0.53776705,0.9144152
7,radius=0.7402109,0.41940528,0.92429936
7,radius=0.6760446,0.0057063103,0.27697295
7,radius=0.99460685,0.20605338,0.5033777
7,radius=0.1984337,0.49523395,0.10451633
7,radius=0.47926617,0.18617839,0.97597116
7,radius=0.90467525,0.9403209,0.4603262
7,radius=0.5679699,0.21199411,0.8752438
7,radius=0.43664408,0.7522753,0.490618
7,radius=0.15845722,0.8807503,0.61849415
7,radius=0.24068159,0.38299108,0.018677592
7,radius=0.16365826,0.9671721,0.031009257
7,radius=0.98415554,0.36821908,0.099448204
7,radius=0.42110908,0.10870814,0.8409728
7,radius=0.10758805,0.07119304,0.6034526
7,radius=0.93212146,0.0956462,0.36450917
8,radius=0.6272949,0.6552411,0.85463965
8,radius=0.41385907,0.97841203,0.067067504
8,radius=0.103000104,0.10269362,0.26005137
8,radius=0.8012536,0.6684393,0.97714114
8,radius=0.5700725,0.21639127,0.4667657
8,radius=0.6276383,0.7110344,0.7201184
8,radius=0.1669823,0.3628475,0.21941626
8,radius=0.094402075,0.1321795,0.5401116
8,radius=0.022330284,0.5295581,0.22217292
8,radius=0.39836782,0.9890849,0.18312752
8,radius=0.4645875,0.8518103,0.7351072
8,radius=0.09973645,0.8581414,0.024138927
8,radius=0.08297986,0.2648844,0.4798779
8,radius=0.9209923,0.38753694,0.88505274
8,radius=0.90143883,0.9632502,0.8025703
8,radius=0.35754502,0.093216956,0.8755828
8,radius=0.58483166,0.93813854,0.31501687
8,radius=0.96028244,0.7913951,0.6581326
8,radius=0.40400368,0.23156631,0.58942217
8,radius=0.36304545,0.7121179,0.46380115
8,radius=0.7389318,0.8244871,0.1933412
8,radius=0.4702462,0.27090955,0.14918208
8,radius=0.66436267,0.0068065524,0.6222312
8,radius=0.31243974,0.5691156,0.54595935
8,radius=0.428271,0.6683806,0.06773883
8,radius=0.8255766,0.25219542,0.02987945
8,radius=0.48380977,0.9100922,0.9509033
8,radius=0.11454111,0.010855675,0.44972157
8,radius=0.36110133,0.26928878,0.6714692
8,radius=0.6577509,0.020438433,0.81862396
8,radius=0.30174732,0.094901085,0.71894825
8,radius=0.7367742,0.40277654,0.8301993
8,radius=0.5718686,0.6813309,0.052666605
8,radius=0.69453865,0.798437,0.5083088
8,radius=0.34098023,0.73918134,0.5303676
8,radius=0.93163425,0.4967308,0.31800008
8,radius=0.32186162,0.9128518,0.69646096
8,radius=0.4185077,0.9192983,0.041385293
8,radius=0.5159397,0.5400858,0.6179238
8,radius=0.6672051,0.8240106,0.95378965
9,radius=0.67080295,0.08593309,0.99983424
9,radius=0.29426926,0.19072765,0.6697806
9,radius=0.70572305,0.28594953,0.8462733
9,radius=0.21701515,0.710369,0.44808483
9,radius=0.221178,0.51997197,0.5576234
9,radius=0.52492464,0.15827727,0.91535616
9,radius=0.1732347,0.2615044,0.33784175
9,radius=0.77227396,0.23446852,0.8639928
9,radius=0.7735144,0.34589136,0.03538823
9,radius=0.07602906,0.0883382,0.2157287
9,radius=0.8885667,0.029195309,0.72243345
9,radius=0.26043826,0.46572667,0.038175225
9,radius=0.23078328,0.1914553,0.87040794
9,radius=0.51410097,0.77404785,0.52636343
9,radius=0.22651345,0.93358487,0.2727028
9,radius=0.9324838,0.61941934,0.17461103
9,radius=0.48606068,0.7185396,0.94377285
9,radius=0.6905731,0.25948828,0.9568239
9,radius=0.5873215,0.69518274,0.1376046
9,radius=0.042812467,0.5468977,0.35673428
9,radius=0.5162846,0.15942961,0.055445373
9,radius=0.6114389,0.06537956,0.028141618
9,radius=0.7627547,0.59148264,0.62629795
9,radius=0.8707896,0.013031185,0.3915133
9,radius=0.51869684,0.74977446,0.49586076
9,radius=0.3629129,0.78886545,0.42819506
9,radius=0.1004473,0.80211496,0.52491546
9,radius=0.8272592,0.90374386,0.5891239
9,radius=0.84222925,0.74030596,0.98942935
9,radius=0.4151758,0.4139828,0.07879603
9,radius=0.9853883,0.9221555,0.6588088
9,radius=0.91645753,0.4718545,0.647081
9,radius=0.5892685,0.50737303,0.5407065
9,radius=0.7369471,0.32486826,0.2792189
9,radius=0.9592296,0.16486281,0.85160637
9,radius=0.24432647,0.43026662,0.6582349
9,radius=0.5018239,0.98203593,0.05698687
9,radius=0.8423711,0.084436774,0.1824134
9,radius=0.16704464,0.6350604,0.6330439
9,radius=0.013361573,0.37084383,0.7043189
10,radius=0.76461154,0.5106346,0.56317675
10,radius=0.8510506,0.7543954,0.15392
10,radius=0.94498885,0.50131524,0.5044033
10,radius=0.10494751,0.3247853,0.8892676
10,radius=0.13466167,0.12840796,0.8939075
10,radius=0.5808364,0.50762993,0.163324
10,radius=0.33700502,0.74222946,0.39344603
10,radius=0.48440564,0.80382586,0.658906
10,radius=0.4291811,0.8777917,0.8838608
10,radius=0.18559432,0.40356076,0.39660633
10,radius=0.4172421,0.49810702,0.37818187
10,radius=0.25193828,0.53546566,0.33982378
10,radius=0.0072255135,0.33625942,0.1638127
10,radius=0.81353396,0.50429535,0.97304505
10,radius=0.08085966,0.5935216,0.9696774
10,radius=0.9581624,0.969384,0.79462856
10,radius=0.0045312643,0.29081333,0.11061102
10,radius=0.09645361,0.5489209,0.18542343
10,radius=0.07655686,0.68438095,0.8649223
10,radius=0.7774695,0.022769809,0.1279422
10,radius=0.29920137,0.16804963,0.7387525
10,radius=0.104893744,0.48443872,0.14188802
10,radius=0.19158387,0.42074394,0.6369187
10,radius=0.60489386,0.81869507,0.73334104
10,radius=0.5677669,0.84947,0.6604584
10,radius=0.82618374,0.51508236,0.5132194
10,radius=0.6474196,0.87864816,0.31908798
10,radius=0.15986997,0.99895966,0.5432315
10,radius=0.27603894,0.90611726,0.9813604
10,radius=0.4867528,0.020748317,0.33626306
10,radius=0.89823467,0.5023731,0.38208872
10,radius=0.9952392,0.53277075,0.111100614
10,radius=0.53872395,0.20269603,0.670038
10,radius=0.39453942,0.25973898,0.47478437
10,radius=0.34266895,0.42506438,0.16103584
10,radius=0.9301691,0.061628044,0.26602316
10,radius=0.9357258,0.16240567,0.21570122
10,radius=0.92426866,0.44578338,0.91744494
10,radius=0.70211506,0.5622265,0.49156737
10,radius=0.7736767,0.5427587,0.5693362
11,radius=0.46487653,0.111449,0.199682
11,radius=0.18981981,0.76224965,0.67880243
11,radius=0.48505747,0.9560899,0.48538166
11,radius=0.2849425,0.019338012,0.61802185
11,radius=0.60668916,0.8010833,0.14924037
11,radius=0.16421652,0.6141289,0.01807642
11,radius=0.14626199,0.08347982,0.53741693
11,radius=0.9815716,0.6487053,0.51993406
11,radius=0.6209167,0.23747933,0.07077533
11,radius=0.10075188,0.58944756,0.08455533
11,radius=0.23807472,0.96212167,0.10884696
11,radius=0.082770765,0.6359935,0.16337949
11,radius=0.95267045,0.4941606,0.6074735
11,radius=0.37414676,0.09777999,0.2528748
11,radius=0.63384426,0.6059288,0.5482376
11,radius=0.8921397,0.64190835,0.32721442
11,radius=0.9579804,0.46983796,0.6578694
11,radius=0.6170531,0.93293893,0.50663465
11,radius=0.27033174,0.9718846,0.35291857
11,radius=0.8093288,0.357372,0.95768374
11,radius=0.7886775,0.528845,0.60412794
11,radius=0.39602458,0.49179637,0.08156437
11,radius=0.10563451,0.06834054,0.9113811
11,radius=0.5322262,0.07354736,0.72547245
11,radius=0.91521573,0.5372314,0.49434787
11,radius=0.28568417,0.0521636,0.022788346
11,radius=0.8106558,0.60794544,0.24151129
11,radius=0.9200378,0.99705565,0.83081764
11,radius=0.18327665,0.6992616,0.098652005
11,radius=0.4912334,0.78661865,0.29085338
11,radius=0.60633093,0.080474615,0.76236933
11,radius=0.6083392,0.30994886,0.28347784
11,radius=0.736953,0.10796541,0.24256867
11,radius=0.38711762,0.3507974,0.1429047
11,radius=0.38919967,0.56634235,0.60262334
11,radius=0.763799,0.25668848,0.37509924
11,radius=0.505204,0.7500955,0.60249245
11,radius=0.5211392,0.0074083805,0.15051901
11,radius=0.40470946,0.20742512,0.20631707
11,radius=0.29124874,0.9702228,0.12348539
12,radius=0.82005256,0.060095787,0.42632782
12,radius=0.14893538,0.68783104,0.9968424
12,radius=0.23017365,0.6498837,0.9709263
12,radius=0.72466195,0.526754,0.40345556
12,radius=0.7357291,0.63667285,0.42902684
12,radius=0.8166113,0.0907073,0.33386075
12,radius=0.49342436,0.69798636,0.08118367
12,radius=0.58923763,0.27022702,0.124028325
12,radius=0.9480857,0.59439003,0.80685747
12,radius=0.46286958,0.63956094,0.912929
12,radius=0.50745726,0.3884328,0.034012854
12,radius=0.25011635,0.8965053,0.5952941
12,radius=0.15307713,0.08470899,0.04192847
12,radius=0.42058957,0.14008588,0.41445363
12,radius=0.97370994,0.9359129,0.9585435
12,radius=0.37289023,0.40011436,0.17350614
12,radius=0.45906258,0.58004993,0.34114373
12,radius=0.7715008,0.58322597,0.60672206
12,radius=0.13665384,0.37756735,0.25819612
12,radius=0.4403345,0.26677638,0.9447371
12,radius=0.8039813,0.9348541,0.8700943
12,radius=0.53366494,0.07158643,0.76782763
12,radius=0.038731813,0.23911273,0.7784654
12,radius=0.7907257,0.39059192,0.3624978
12,radius=0.65950483,0.98572075,0.0019688606
12,radius=0.3251257,0.73709166,0.6901546
12,radius=0.16638249,0.067005634,0.6906537
12,radius=0.74208033,0.21854037,0.7033412
12,radius=0.51055026,0.6748775,0.6197808
12,radius=0.05494052,0.21758312,0.7501369
12,radius=0.8902546,0.760559,0.8600813
12,radius=0.18551958,0.7436612,0.08986795
12,radius=0.535993,0.3934667,0.8358839
12,radius=0.2672428,0.17632985,0.8984469
12,radius=0.98581964,0.19142866,0.94540673
12,radius=0.11147869,0.124635935,0.38753116
12,radius=0.61748946,0.59318423,0.8413089
12,radius=0.9894818,0.26171154,0.3784691
12,radius=0.4334228,0.54756474,0.16857952
12,radius=0.43055314,0.2617886,0.6517889
13,radius=0.90378076,0.48346138,0.018153012
13,radius=0.56118363,0.5585375,0.9556047
13,radius=0.8894706,0.8455152,0.08383745
13,radius=0.9284139,0.62907493,0.3966102
13,radius=0.45078194,0.80611324,0.10483611
13,radius=0.65000427,0.85855335,0.98989075
13,radius=0.90183043,0.76310503,0.026040971
13,radius=0.9588094,0.12715793,0.15431333
13,radius=0.4503863,0.7985055,0.5265102
13,radius=0.49158937,0.6983729,0.34558052
13,radius=0.09721768,0.09499371,0.53561467
13,radius=0.9182049,0.9047736,0.68969035
13,radius=0.5384227,0.8719524,0.20691323
13,radius=0.9916488,0.060179234,0.64273787
13,radius=0.8051738,0.517863,0.6522731
13,radius=0.97004676,0.7755381,0.46697873
13,radius=0.4615506,0.10314441,0.0774703
13,radius=0.3360806,0.76229656,0.7159933
13,radius=0.65770745,0.8369454,0.72963643
13,radius=0.24415773,0.4080156,0.5028623
13,radius=0.24968201,0.4256444,0.014334023
13,radius=0.37831372,0.9946253,0.009637654
13,radius=0.36099684,0.24219531,0.0013180375
13,radius=0.19029355,0.69387615,0.7052409
13,radius=0.4907964,0.14062989,0.36925983
13,radius=0.15894938,0.89297223,0.6431989
13,radius=0.3431517,0.24224901,0.8127081
13,radius=0.83437246,0.91363704,0.17966872
13,radius=0.63621473,0.35806572,0.8953307
13,radius=0.86782986,0.3538097,0.13854873
13,radius=0.8611475,0.9231673,0.018290162
13,radius=0.6722433,0.2672916,0.421095
13,radius=0.6974049,0.3623103,0.82013094
13,radius=0.7641405,0.27215272,0.4002422
13,radius=0.939344,0.91330004,0.51602775
13,radius=0.97407115,0.41432422,0.14304757
13,radius=0.42813355,0.8572809,0.5873934
13,radius=0.96673185,0.22767419,0.42580193
13,radius=0.578084,0.996806,0.01922077
13,radius=0.84792095,0.090942144,0.21536756
14,radius=0.5358314,0.115906596,0.13815355
14,radius=0.68428344,0.9147078,0.53577274
14,radius=0.7341703,0.5307409,0.14893907
14,radius=0.5389207,0.27228737,0.86263746
14,radius=0.61238176,0.18135643,0.8367492
14,radius=0.87941176,0.19434857,0.81274074
14,radius=0.17727727,0.20569408,0.5909929
14,radius=0.76418316,0.25522918,0.50030565
14,radius=0.43342495,0.39137167,0.27218276
14,radius=0.7548326,0.42376268,0.3045469
14,radius=0.9392105,0.7503862,0.75475675
14,radius=0.13109857,0.06429678,0.6727926
14,radius=0.7224209,0.96459687,0.5933668
14,radius=0.2943766,0.058351874,0.7529353
14,radius=0.2179091,0.6070817,0.57886213
14,radius=0.96815556,0.38047123,0.3574254
14,radius=0.007021606,0.6347672,0.6802983
14,radius=0.6873457,0.5222001,0.028407514
14,radius=0.15761888,0.4531191,0.74630183
14,radius=0.40208977,0.95971066,0.78209615
14,radius=0.5188368,0.96574014,0.3487029
14,radius=0.8670231,0.24211234,0.0020671487
14,radius=0.67449534,0.8013269,0.6066424
14,radius=0.6169637,0.721243,0.6651907
14,radius=0.7144557,0.81770265,0.04823315
14,radius=0.8989299,0.5990672,0.7123322
14,radius=0.5319499,0.89258784,0.75580966
14,radius=0.90723544,0.11260605,0.40245748
14,radius=0.9209834,0.12823302,0.7329529
14,radius=0.9281387,0.1144675,0.6384472
14,radius=0.9979223,0.1776573,0.045281768
14,radius=0.8111077,0.18940389,0.67110574
14,radius=0.7959343,0.82838285,0.84062386
14,radius=0.9213419,0.18772459,0.71211183
14,radius=0.1492101,0.3477745,0.08958602
14,radius=0.99605924,0.5177679,0.56853604
14,radius=0.8872814,0.2722181,0.52693945
14,radius=0.24792218,0.3631521,0.4890579
14,radius=0.6303874,0.59847814,0.85015416
14,radius=0.35391045,0.9164788,0.6273068
15,radius=0.45934665,0.94412947,0.5627814
15,radius=0.49068475,0.5938563,0.037196696
15,radius=0.17637545,0.040803134,0.91018796
15,radius=0.036923826,0.24959606,0.5143274
15,radius=0.90704304,0.31714594,0.18129271
15,radius=0.30634302,0.28957504,0.42174113
15,radius=0.7843264,0.42231995,0.04817128
15,radius=0.60383475,0.651333,0.37843806
15,radius=0.49008548,0.78516465,0.960438
15,radius=0.047090292,0.58316934,0.38321352
15,radius=0.62044793,0.8235039,0.35071832
15,radius=0.38516468,0.7275904,0.79320925
15,radius=0.3864655,0.6508723,0.81158394
15,radius=0.94277775,0.27751255,0.99581385
15,radius=0.827736,0.24209547,0.034575045
15,radius=0.8864754,0.23455131,0.57782686
15,radius=0.75306743,0.025004387,0.35427946
15,radius=0.8051553,0.15061665,0.11057538
15,radius=0.008847415,0.4570011,0.34754372
15,radius=0.24818969,0.75824994,0.08347112
15,radius=0.043293178,0.89114606,0.9358781
15,radius=0.5441638,0.8759523,0.6138705
15,radius=0.70923495,0.42515707,0.28172612
15,radius=0.13299602,0.11943579,0.76216847
15,radius=0.16001177,0.745489,0.13385832
15,radius=0.41075814,0.426632,0.105291784
15,radius=0.2389571,0.28092992,0.4475847
15,radius=0.08959055,0.70087576,0.6425794
15,radius=0.9986826,0.4407435,0.91699725
15,radius=0.28357387,0.91867805,0.14155906
15,radius=0.999502,0.26558703,0.9064918
15,radius=0.7745729,0.99052113,0.7540298
15,radius=0.86421955,0.81792444,0.6663693
15,radius=0.10553235,0.97952175,0.28220594
15,radius=0.39502674,0.36556524,0.06229925
15,radius=0.83818936,0.7565596,0.1742068
15,radius=0.9553061,0.6217021,0.8011795
15,radius=0.9921433,0.59629136,0.92931545
15,radius=0.72543854,0.56224465,0.25573665
15,radius=0.69025236,0.105550766,0.71311605
16,radius=0.09052795,0.39896327,0.54720044
16,radius=0.37859756,0.1615485,0.0015946627
16,radius=0.008827448,0.4770651,0.37189573
16,radius=0.5786528,0.34742147,0.5532479
16,radius=0.33077204,0.8692524,0.43759263
16,radius=0.60820186,0.94550186,0.7073649
16,radius=0.18237495,0.15870255,0.83526736
16,radius=0.2712332,0.063149035,0.75175124
16,radius=0.927953,0.9898338,0.26641804
16,radius=0.23250347,0.71444005,0.7886118
16,radius=0.010424674,0.39140242,0.92333394
16,radius=0.8867296,0.9177153,0.11387956
16,radius=0.988118,0.40255338,0.29834569
16,radius=0.7036697,0.21846592,0.6113717
16,radius=0.6093978,0.122219324,0.18388373
16,radius=0.06083858,0.86737543,0.28359777
16,radius=0.36259604,0.569936,0.5290323
16,radius=0.6466347,0.508862,0.80404705
16,radius=0.0820536,0.36171162,0.62056154
16,radius=0.9728472,0.9491639,0.44486564
16,radius=0.53440297,0.78309554,0.097724676
16,radius=0.4808728,0.49257523,0.092119396
16,radius=0.1423626,0.39215565,0.98182434
16,radius=0.45002174,0.55193686,0.8722053
16,radius=0.47912848,0.54272556,0.53611547
16,radius=0.2693624,0.69835573,0.31034946
16,radius=0.14352912,0.4460172,0.5361118
16,radius=0.5256498,0.29607278,0.4344501
16,radius=0.19465333,0.888067,0.796215
16,radius=0.396649,0.21310252,0.1860947
16,radius=0.5505679,0.38264346,0.17872936
16,radius=0.9731954,0.2685101,0.9094383
16,radius=0.29687232,0.11238724,0.024997532
16,radius=0.26790547,0.3658684,0.7971187
16,radius=0.2681384,0.35349894,0.8925171
16,radius=0.52944654,0.9415601,0.43203348
16,radius=0.47007847,0.51229405,0.35659343
16,radius=0.6457693,0.26621586,0.9252472
16,radius=0.65801716,0.8675531,0.6898514
16,radius=0.24065316,0.18831784,0.1797933
17,radius=0.36604834,0.7515602,0.71035016
17,radius=0.39061314,0.041255116,0.6504826
17,radius=0.095175624,0.054215074,0.5801727
17,radius=0.9293276,0.5934634,0.7094965
17,radius=0.95333457,0.58550054,0.6396826
17,radius=0.7465107,0.18537664,0.546756
17,radius=0.3147118,0.9943891,0.5616705
17,radius=0.10881114,0.84138834,0.16018593
17,radius=0.19494122,0.5786445,0.034173846
17,radius=0.1423307,0.65541637,0.21844202
17,radius=0.14997506,0.78320944,0.52314234
17,radius=0.43376714,0.91305935,0.20133883
17,radius=0.24735898,0.047779858,0.9404089
17,radius=0.6610634,0.018073678,0.042011917
17,radius=0.27417678,0.5328159,0.4077171
17,radius=0.117277324,0.27518374,0.13400054
17,radius=0.03008467,0.08282834,0.17628932
17,radius=0.5618664,0.10940117,0.36804825
17,radius=0.20827663,0.30584353,0.63964295
17,radius=0.7721284,0.35551363,0.8063516
17,radius=0.24418724,0.02974999,0.576645
17,radius=0.88681185,0.18503338,0.4343565
17,radius=0.23008215,0.3803904,0.5014868
17,radius=0.8878455,0.60888636,0.3858719
17,radius=0.52815557,0.5522635,0.9392022
17,radius=0.5791485,0.114869475,0.18428636
17,radius=0.09571999,0.36736155,0.57578576
17,radius=0.108989775,0.19240904,0.4691407
17,radius=0.57622266,0.21084958,0.3132391
17,radius=0.63214934,0.93401766,0.8153851
17,radius=0.042725563,0.63190424,0.293409
17,radius=0.63580984,0.36742103,0.7353468
17,radius=0.21520108,0.25006002,0.565104
17,radius=0.33878344,0.8245086,0.74232054
17,radius=0.13717186,0.21059859,0.4395467
17,radius=0.030486107,0.821039,0.47069854
17,radius=0.76020974,0.050826013,0.53322136
17,radius=0.23523444,0.17766845,0.88053185
17,radius=0.42090732,0.43915612,0.54563874
17,radius=0.2480194,0.36147296,0.2410742
18,radius=0.83229053,0.6626362,0.8347127
18,radius=0.31733167,0.4502992,0.08870959
18,radius=0.50305414,0.37425262,0.6328714
18,radius=0.95069283,0.6563527,0.12235308
18,radius=0.12893736,0.93576366,0.0627259
18,radius=0.17247921,0.5845011,0.1441142
18,radius=0.5580633,0.6416586,0.4875074
18,radius=0.962803,0.022439659,0.536763
18,radius=0.25964278,0.20516497,0.9014956
18,radius=0.44404262,0.4068281,0.7412049
18,radius=0.6121611,0.7847115,0.6596534
18,radius=0.49803126,0.11104733,0.81885636
18,radius=0.34581256,0.08572978,0.21272272
18,radius=0.5435985,0.42173636,0.4509964
18,radius=0.6397293,0.1610738,0.31122148
18,radius=0.44180632,0.1855377,0.55245316
18,radius=0.9441725,0.3105054,0.14775056
18,radius=0.24155831,0.72599584,0.33469176
18,radius=0.41694093,0.3619389,0.99321514
18,radius=0.5054604,0.3148752,0.7414684
18,radius=0.2971521,0.7469934,0.6959627
18,radius=0.11613417,0.4067914,0.281689
18,radius=0.6421712,0.79790163,0.61410487
18,radius=0.44826287,0.6820346,0.6091181
18,radius=0.96816087,0.6893799,0.18959343
18,radius=0.20729303,0.7444157,0.2388522
18,radius=0.013073027,0.84930056,0.38693964
18,radius=0.7103814,0.44291216,0.36374623
18,radius=0.536349,0.7899474,0.054582417
18,radius=0.43572682,0.5954064,0.29761052
18,radius=0.40682006,0.9713906,0.68624926
18,radius=0.26267064,0.8968626,0.15312558
18,radius=0.24476463,0.36542106,0.5806198
18,radius=0.06302124,0.8836356,0.17136979
18,radius=0.4701035,0.32625806,0.36904186
18,radius=0.31763136,0.6887155,0.8816932
18,radius=0.5080438,0.019690514,0.06609261
18,radius=0.63916516,0.6735678,0.5290138
18,radius=0.9102008,0.73760504,0.41902858
18,radius=0.08275199,0.13045806,0.32119924
19,radius=0.40428698,0.7576762,0.03544849
19,radius=0.5387779,0.3783871,0.14499944
19,radius=0.47597677,0.8597129,0.12256229
19,radius=0.1699956,0.4256156,0.63545024
19,radius=0.029648423,0.19431442,0.79449195
19,radius=0.2288546,0.07386315,0.8101474
19,radius=0.10339469,0.10363656,0.31264883
19,radius=0.5779102,0.08090401,0.9730028
19,radius=0.7179175,0.763467,0.5857183
19,radius=0.82088506,0.8796947,0.34148705
19,radius=0.4402392,0.75904953,0.9290107
19,radius=0.96194726,0.027268648,0.7626437
19,radius=0.3749901,0.7992722,0.19502258
19,radius=0.22783792,0.32332778,0.62535924
19,radius=0.024258494,0.27693957,0.44771457
19,radius=0.7416245,0.17597675,0.9481245
19,radius=0.9084282,0.75970167,0.90282816
19,radius=0.1387757,0.2674867,0.5896311
19,radius=0.86911726,0.10401034,0.02986008
19,radius=0.34801805,0.88332444,0.76659954
19,radius=0.26575357,0.472068,0.6567018
19,radius=0.28305793,0.43855262,0.8696002
19,radius=0.11817348,0.58573824,0.0034061074
19,radius=0.9666996,0.44906116,0.7254764
19,radius=0.05750811,0.5658195,0.36375254
19,radius=0.15748179,0.6479264,0.29574037
19,radius=0.7201594,0.91917074,0.6874481
19,radius=0.4343077,0.96561426,0.35753804
19,radius=0.53263223,0.09440857,0.33180183
19,radius=0.481116,0.45845193,0.27793247
19,radius=0.91160935,0.5838684,0.6660913
19,radius=0.48184818,0.5597291,0.85242957
19,radius=0.30825645,0.26099163,0.9389001
19,radius=0.7014559,0.86153525,0.055300236
19,radius=0.41940647,0.45268142,0.147771
19,radius=0.33227515,0.068553746,0.1903444
19,radius=0.36411148,0.60125524,0.7301369
19,radius=0.588393,0.66049284,0.56312144
19,radius=0.4853465,0.7533261,0.4680692
19,radius=0.7714197,0.35319787,0.59134257
20,radius=0.47631377,0.2672562,0.27297127
20,radius=0.50822353,0.62316126,0.24620908
20,radius=0.2315895,0.029360533,0.83848596
20,radius=0.48235965,0.62954694,0.24574852
20,radius=0.25421888,0.9314723,0.048672915
20,radius=0.72396505,0.793607,0.17106849
20,radius=0.97077245,0.2990321,0.30292004
20,radius=0.40163267,0.37638718,0.6455309
20,radius=0.20814419,0.9972032,0.52701837
20,radius=0.17919707,0.94239444,0.75374
20,radius=0.30550587,0.25103235,0.20130378
20,radius=0.16473907,0.20938188,0.1738106
20,radius=0.22238511,0.9942274,0.82539326
20,radius=0.48610622,0.72003466,0.31771177
20,radius=0.6812886,0.5321519,0.07580477
20,radius=0.21519351,0.9853206,0.5155607
20,radius=0.6347999,0.78344226,0.2772559
20,radius=0.59799445,0.010138929,0.8969186
20,radius=0.17017102,0.8650976,0.68060994
20,radius=0.7007388,0.54375017,0.40446013
20,radius=0.67976964,0.6307108,0.03157884
20,radius=0.74515396,0.13128704,0.49367648
20,radius=0.8421103,0.23475891,0.8643981
20,radius=0.9282524,0.67121404,0.8951482
20,radius=0.4396584,0.22675252,0.14979798
20,radius=0.048137188,0.9890941,0.8119331
20,radius=0.2598359,0.76005334,0.20234996
20,radius=0.60865915,0.92377555,0.47211576
20,radius=0.2131021,0.5652304,0.3939032
20,radius=0.19109821,0.7150812,0.79961187
20,radius=0.6485997,0.270104,0.28738678
20,radius=0.3630154,0.14094543,0.14853406
20,radius=0.07283682,0.7211165,0.48185974
20,radius=0.80773747,0.835,0.49873412
20,radius=0.90555936,0.076784015,0.23901862
20,radius=0.26725286,0.23087734,0.061792552
20,radius=0.44370484,0.5787332,0.9598127
20,radius=0.72092766,0.7586564,0.6729995
20,radius=0.74712443,0.14228892,0.97689277
20,radius=0.3635714,0.72499907,0.15835416
21,radius=0.2566285,0.35002196,0.45332557
21,radius=0.3607797,0.72189754,0.112286925
21,radius=0.49555844,0.407174,0.47363728
21,radius=0.46371406,0.8626357,0.5889866
21,radius=0.4777658,0.26743108,0.6551156
21,radius=0.2252748,0.42442584,0.79596734
21,radius=0.55291915,0.92164874,0.53172266
21,radius=0.46121955,7.802248E-5,0.41163784
21,radius=0.48412704,0.7114358,0.36807263
21,radius=0.72012585,0.15482575,0.20703334
21,radius=0.93105453,0.13766867,0.34601957
21,radius=0.47122204,0.7666807,0.77035105
21,radius=0.12669522,0.3168621,0.5173027
21,radius=0.47355324,0.36094916,0.86543953
21,radius=0.06665075,0.99761486,0.8743776
21,radius=0.23831278,0.25634032,0.45501494
21,radius=0.08983946,0.55841744,0.574545
21,radius=0.37660563,0.33115065,0.74948055
21,radius=0.47669315,0.8510196,0.8137083
21,radius=0.4596911,0.46634138,0.5571222
21,radius=0.35001683,0.92101306,0.9853716
21,radius=0.002941966,0.24658108,0.54036254
21,radius=0.38888955,0.402633,0.7732342
21,radius=0.8142712,0.054833353,0.36059058
21,radius=0.97891945,0.7771129,0.8851225
21,radius=0.7218645,0.80708456,0.6003095
21,radius=0.86860377,0.50162095,0.24266064
21,radius=0.3250947,0.9111182,0.9628566
21,radius=0.18018234,0.6564683,0.10038835
21,radius=0.4882483,0.43368858,0.5961244
21,radius=0.9093995,0.5344343,0.6739757
21,radius=0.7256924,0.38842696,0.38880676
21,radius=0.45353526,0.6500439,0.13039571
21,radius=0.7218006,0.0056967735,0.40826
21,radius=0.08500308,0.67158115,0.3393368
21,radius=0.19481319,0.15278035,0.8709628
21,radius=0.7168672,0.09642434,0.81043595
21,radius=0.9644733,0.8395453,0.5348422
21,radius=0.84343934,0.6309644,0.6745663
21,radius=0.9595455,0.021546066,0.3664466
22,radius=0.51720303,0.8771958,0.10750449
22,radius=0.54857767,0.8685569,0.40053838
22,radius=0.7366483,0.29605037,0.41090828
22,radius=0.79569346,0.5696591,0.9746368
22,radius=0.7665731,0.7954474,0.46138668
22,radius=0.13521111,0.71623516,0.6270267
22,radius=0.057291508,0.29939598,0.7179665
22,radius=0.9858812,0.2388534,0.9809578
22,radius=0.7876276,0.3649851,0.24010229
22,radius=0.87967056,0.26179665,0.48080015
22,radius=0.79714215,0.90006495,0.33199507
22,radius=0.9883297,0.3960051,0.31534672
22,radius=0.9718904,0.5399236,0.89990395
22,radius=0.24560201,0.80646974,0.38774556
22,radius=0.120618165,0.71659446,0.43861002
22,radius=0.733284,0.44663155,0.80650735
22,radius=0.8643818,0.41728836,0.5396634
22,radius=0.7465213,0.4997838,0.05149877
22,radius=0.5889287,0.6189098,0.40002155
22,radius=0.5040713,0.28699857,0.37325794
22,radius=0.8851347,0.6513841,0.8212904
22,radius=0.9654736,0.6656068,0.3407576
22,radius=0.91042405,0.3015989,0.87702185
22,radius=0.61548287,0.54496,0.45330113
22,radius=0.13797653,0.9324979,0.2980659
22,radius=0.9967042,0.81003547,0.5542704
22,radius=0.17471796,0.831433,0.29788357
22,radius=0.67326707,0.18005484,0.061000466
22,radius=0.23296064,0.48625153,0.46099567
22,radius=0.38574618,0.2513591,0.18613058
22,radius=0.753383,0.4803046,0.33885503
22,radius=0.19385362,0.33349782,0.33205575
22,radius=0.17047572,0.37778634,0.0022339225
22,radius=0.91632295,0.8324589,0.17196846
22,radius=0.23755485,0.6174863,0.859935
22,radius=0.5298019,0.34174657,0.79006463
22,radius=0.7488857,0.36118972,0.6307164
22,radius=0.9356841,0.36625868,0.27728373
22,radius=0.8000877,0.3743379,0.8635144
22,radius=0.089238286,0.034635723,0.5632013
23,radius=0.99268794,0.90686256,0.694177
23,radius=0.32784396,0.2287457,0.68774754
23,radius=0.19386089,0.94919914,0.7621911
23,radius=4.002452E-4,0.85087043,0.82795036
23,radius=0.82587445,0.9577286,0.0052868724
23,radius=0.45443833,0.98725545,0.3217368
23,radius=0.71217835,0.6346846,0.17845857
23,radius=0.049455643,0.43866384,0.750933
23,radius=0.33130938,0.166219,0.1289869
23,radius=0.6206847,0.6019749,0.59136355
23,radius=0.15841085,0.28064293,0.64737433
23,radius=0.31820917,0.34851378,0.1486525
23,radius=0.37652844,0.9177949,0.2877246
23,radius=0.7120489,0.51420414,0.39448726
23,radius=0.5129889,0.17533803,0.91693765
23,radius=0.6245703,0.37319428,0.47243422
23,radius=0.12375873,0.812711,0.4649682
23,radius=0.13555801,0.122294545,0.91534257
23,radius=0.64984107,0.7192127,0.79763114
23,radius=0.817216,0.7123397,0.6364298
23,radius=0.30419987,0.1734575,0.47575152
23,radius=0.2868315,0.47352213,0.41338164
23,radius=0.5711179,0.48126143,0.9219758
23,radius=0.06611508,0.3611415,0.21316224
23,radius=0.3475845,0.6369867,0.7004134
23,radius=0.43804497,0.4635092,0.015943587
23,radius=0.10359907,0.42292494,0.48443502
23,radius=0.31641978,0.47150195,0.4692577
23,radius=0.20198137,0.05967182,0.15942007
23,radius=0.025572777,0.61385846,0.37330955
23,radius=0.87170726,0.84768564,0.2315898
23,radius=0.954402,0.5303637,0.47119868
23,radius=0.521705,0.7510808,0.93385154
23,radius=0.69723886,0.13947105,0.88905954
23,radius=0.12581915,0.5004073,0.4122092
23,radius=0.26114184,0.0033143163,0.01823908
23,radius=0.90638477,0.31191248,0.7722897
23,radius=0.42272854,0.36993444,0.9928496
23,radius=0.5072827,0.1834141,0.14531916
23,radius=0.194628,0.785263,0.7630327
24,radius=0.9153771,0.87533826,0.9492483
24,radius=0.64729154,0.4059782,0.047528446
24,radius=0.3486942,0.8163644,0.62201387
24,radius=0.3136863,0.4148432,0.8499974
24,radius=0.63093054,0.5086503,0.88725364
24,radius=0.70933574,0.078591526,0.20611256
24,radius=0.74501085,0.605303,0.49663615
24,radius=0.24416703,0.35540205,0.6282498
24,radius=0.41756934,0.4569773,0.3186292
24,radius=0.90670776,0.27461386,0.4375381
24,radius=0.29869634,0.3492098,0.80029935
24,radius=0.6453229,0.08181393,0.7261046
24,radius=0.60230523,0.56358945,0.6091301
24,radius=0.80936706,0.66319215,0.8857021
24,radius=0.2678631,0.059362054,0.32395637
24,radius=0.30258965,0.16213971,0.05823338
24,radius=0.52704024,0.51209337,0.9308249
24,radius=0.49806458,0.6353944,0.6662834
24,radius=0.33377695,0.074338794,0.44887412
24,radius=0.9087859,0.83031565,0.47575772
24,radius=0.31178236,0.6778317,0.65491384
24,radius=0.74255383,0.6654551,0.512313
24,radius=0.026505888,0.35755068,0.53278714
24,radius=0.60092765,0.5712603,0.3860283
24,radius=0.2284829,0.8649573,0.39673036
24,radius=0.968689,0.83619684,0.022928953
24,radius=0.5211399,0.25157988,0.46382517
24,radius=0.61304605,0.16896784,0.990716
24,radius=0.02887541,0.06266713,0.31738156
24,radius=0.25849986,0.90055054,0.5122031
24,radius=0.48247486,0.8931002,0.46304446
24,radius=0.595664,0.1253503,0.13812631
24,radius=0.9102743,0.82691413,0.93214685
24,radius=0.7137145,0.94623286,0.6678066
24,radius=0.16605341,0.81516695,0.67330307
24,radius=0.99321234,0.030719101,0.053308904
24,radius=0.69483644,0.20310211,0.64142394
24,radius=0.5116368,0.24528944,0.050983906
24,radius=0.53170997,0.1071282,0.16408354
24,radius=0.7019537,0.27829462,0.59041005
25,radius=0.41053522,0.5091754,0.16972291
25,radius=0.8308211,0.92188835,0.5804711
25,radius=0.20981795,0.39577198,0.98551786
25,radius=0.11171734,0.31051886,0.19961762
25,radius=0.14124942,0.3437559,0.11628586
25,radius=0.29520196,0.010338783,0.14355779
25,radius=0.671891,0.3377866,0.8308803
25,radius=0.6115582,0.9168441,0.89597696
25,radius=0.34481543,0.88621116,0.7874278
25,radius=0.0721764,0.3033105,0.308006
25,radius=0.36744976,0.30796146,0.6509181
25,radius=0.36823833,0.5899559,0.27823502
25,radius=0.36178082,0.7176082,0.72569937
25,radius=0.4444729,0.8247848,0.6308017
25,radius=0.4183048,0.52172923,0.51625144
25,radius=0.1032899,0.09958929,0.024297118
25,radius=0.6313121,0.5364759,0.89081
25,radius=0.47718608,0.057031035,0.29097778
25,radius=0.35675585,0.42911637,0.015719235
25,radius=0.25232655,0.9102338,0.2699386
25,radius=0.35544246,0.6588762,0.08592391
25,radius=0.06176603,0.5518318,0.441589
25,radius=0.026695788,0.23728949,0.2619167
25,radius=0.07602024,0.20483309,0.52749425
25,radius=0.7534333,0.7578493,0.8783714
25,radius=0.8591893,0.75413346,0.59738696
25,radius=0.94269997,0.04340607,0.52288646
25,radius=0.45145142,0.45412832,0.7699588
25,radius=0.051303744,0.14179224,0.09031248
25,radius=0.970532,0.8403254,0.76992273
25,radius=0.4779368,0.8299685,0.25541556
25,radius=0.9539947,0.6071426,0.2584688
25,radius=0.9070721,0.3625316,0.30180353
25,radius=0.20981878,0.20624048,0.38387448
25,radius=0.90240324,0.894297,0.3485331
25,radius=0.083661795,0.31214082,0.31945074
25,radius=0.64412695,0.40324944,0.3657617
25,radius=0.15548933,0.7546817,0.43050635
25,radius=0.0039002895,0.20074683,0.9630804
25,radius=0.3248372,0.013465166,0.5807798
26,radius=0.7494753,0.6542552,0.54419297
26,radius=0.6742248,0.5633832,0.2447285
26,radius=0.9827549,0.4659822,0.1476264
26,radius=0.24268019,0.6243968,0.9617323
26,radius=0.3208412,0.32918555,0.8796643
26,radius=0.09007138,0.03353721,0.34959763
26,radius=0.50567716,0.7509305,0.78357095
26,radius=0.8754071,0.724639,0.1852929
26,radius=0.93414396,0.9369222,0.16321671
26,radius=0.29947203,0.99488723,0.12804252
26,radius=0.5115127,0.83957684,0.45998526
26,radius=0.4297766,0.28482127,0.73429674
26,radius=0.9108201,0.07344264,0.62669444
26,radius=0.41432947,0.05088812,0.12727618
26,radius=0.21119869,0.7295402,0.42997742
26,radius=0.5041333,0.119419456,0.3032804
26,radius=0.38065124,0.9689466,0.10466987
26,radius=0.9483483,0.19643325,0.89151317
26,radius=0.08753204,0.6100975,0.6568402
26,radius=0.81513166,0.59146047,0.26657158
26,radius=0.49427724,0.9697612,0.3385005
26,radius=0.19877863,0.41216147,0.17806637
26,radius=0.45963454,0.019948244,0.42843473
26,radius=0.91538286,0.9629001,0.12258738
26,radius=0.025481224,0.7748619,0.86289614
26,radius=0.6462656,0.2435953,0.14452142
26,radius=0.96639276,0.39531076,0.13340962
26,radius=0.36446846,0.8798991,0.13012278
26,radius=0.071563244,0.04410374,0.6462666
26,radius=0.43286932,0.2974708,0.07775468
26,radius=0.20936787,0.6003019,0.6170704
26,radius=0.40308732,0.9698927,0.2638231
26,radius=0.7772306,0.85315865,0.24324912
26,radius=0.27838612,0.29306787,0.91651905
26,radius=0.81499046,0.78407204,0.02635616
26,radius=0.64993966,0.75327456,0.7321457
26,radius=0.09874052,0.8978131,0.5653864
26,radius=0.91405684,0.57643306,0.82687837
26,radius=0.9507322,0.04834783,0.096963525
26,radius=0.2535987,0.22098702,0.50602615
27,radius=0.7373476,0.7820674,0.14101619
27,radius=0.46616286,0.984416,0.0869863
27,radius=0.06592101,0.071662605,0.81370074
27,radius=0.33055574,0.9284304,0.4757384
27,radius=0.8269109,0.55148876,0.84676343
27,radius=0.9170725,0.47893178,0.83304757
27,radius=0.0053355694,0.28008312,0.5273575
27,radius=0.21850175,0.1971578,0.33721876
27,radius=0.92385316,0.64275473,0.9335856
27,radius=0.29601055,0.53459394,0.012544453
27,radius=0.6406179,0.016675234,0.8618264
27,radius=0.77226573,0.93656933,0.6301545
27,radius=0.46661174,0.6023864,0.15644085
27,radius=0.23681414,0.19003582,0.544085
27,radius=0.88124865,0.70436233,0.42819065
27,radius=0.51169515,0.36408418,0.68976647
27,radius=0.54228854,0.23149592,0.17757797
27,radius=0.09206128,0.15220374,0.47215867
27,radius=0.7891251,0.48707312,0.25802916
27,radius=0.5526918,0.8907472,0.3155055
27,radius=0.31398898,0.5250943,0.35048103
27,radius=0.88490975,0.011985302,0.83131677
27,radius=0.43297666,0.62432116,0.35353404
27,radius=0.28087646,0.17048377,0.59639764
27,radius=0.8498345,0.7430019,0.30413467
27,radius=0.45252252,0.40682334,0.30508566
27,radius=0.30256504,0.8163982,0.65751195
27,radius=0.83017915,0.4842329,0.33418196
27,radius=0.49554795,0.81610185,0.9957242
27,radius=0.24532044,0.15525377,0.3863986
27,radius=0.24589932,0.547193,0.9534805
27,radius=0.75093544,0.6706135,0.46585363
27,radius=0.352197,0.8865724,0.35121244
27,radius=0.65007365,0.17816806,0.784409
27,radius=0.86899006,1.707077E-4,0.02333492
27,radius=0.8710117,0.8248234,0.37851632
27,radius=0.18819875,0.07137394,0.056447744
27,radius=0.25502962,0.17785186,0.07881993
27,radius=0.754079,0.076396465,0.13914824
27,radius=0.3224666,0.30775684,0.34833455
28,radius=0.8247686,0.21523589,0.028643548
28,radius=0.81191504,0.08536261,0.4321525
28,radius=0.89087784,0.8852315,0.9789079
28,radius=0.028258443,0.70347065,0.8501376
28,radius=0.97249883,0.548622,0.41484672
28,radius=0.99969953,0.6976379,0.09139204
28,radius=0.6349805,0.17974555,0.72767425
28,radius=0.2812819,0.14015597,0.88674045
28,radius=0.0024203062,0.29108787,0.7007117
28,radius=0.096681416,0.35299504,0.5029275
28,radius=0.10720879,0.16696131,0.66655636
28,radius=0.59752786,0.09330696,0.20895243
28,radius=0.123897254,0.58076715,0.5364105
28,radius=0.46036708,0.53450066,0.18635035
28,radius=0.97800386,0.77314323,0.9907932
28,radius=0.6196714,0.9033394,0.5826811
28,radius=0.03886789,0.071404815,0.004169464
28,radius=0.92386186,0.0053314567,0.37412024
28,radius=0.6085757,0.8226649,0.48327976
28,radius=0.5982984,0.77930635,0.9117513
28,radius=0.73443484,0.9857397,0.07766998
28,radius=0.41460192,0.6445484,0.051815033
28,radius=0.37587398,0.8143294,0.1262598
28,radius=0.80976397,0.22926825,0.9968704
28,radius=0.5142961,0.18986177,0.43443167
28,radius=0.43880492,0.57444423,0.8564541
28,radius=0.3832026,0.9305368,0.5479605
28,radius=0.732413,0.4510252,0.297148
28,radius=0.990489,0.79245025,0.8453942
28,radius=0.84115934,0.6182386,0.7059974
28,radius=0.39240175,0.60107875,0.53884536
28,radius=0.022230268,0.60270405,0.64250004
28,radius=0.9803724,0.07259059,0.86955225
28,radius=0.19826823,0.31525558,0.10129094
28,radius=0.78840715,0.602599,0.9482811
28,radius=0.25634736,0.718245,0.25093007
28,radius=0.65612173,0.6203655,0.8377541
28,radius=0.7206758,0.65339744,0.022427142
28,radius=0.9846276,0.24411345,0.95515424
28,radius=0.7439349,0.54312295,0.79757756
29,radius=0.5737881,0.55960315,0.98493123
29,radius=0.66461486,0.48935258,0.9172245
29,radius=0.92568463,0.11869252,0.46514595
29,radius=0.04590845,0.4824645,0.96321094
29,radius=0.5307324,0.38684338,0.1738007
29,radius=0.33412826,0.3525052,0.19486237
29,radius=5.5098534E-4,0.52426845,0.83978456
29,radius=0.3108604,0.9202033,0.95762026
29,radius=0.7449479,0.32305425,0.5138105
29,radius=0.64838535,0.4712063,0.5534862
29,radius=0.621113,0.6525131,0.44690472
29,radius=0.48993647,0.85725904,0.75428057
29,radius=0.8000473,0.58222884,0.82172084
29,radius=0.9769313,0.078347206,0.6234737
29,radius=0.72532225,0.17248136,0.08133465
29,radius=0.08192599,0.24415398,0.7176724
29,radius=0.6903937,0.781776,0.94959044
29,radius=0.33495057,0.8541507,0.7484164
29,radius=0.3423077,0.96166855,0.58011985
29,radius=0.035731673,0.6564191,0.92794454
29,radius=0.13428593,0.093057275,0.4095118
29,radius=0.072405696,0.40934056,0.06409943
29,radius=0.5080186,0.75215155,0.1061911
29,radius=0.14886528,0.31816405,0.49357247
29,radius=0.51435655,0.31521916,0.8644665
29,radius=0.61716723,0.07280362,0.6848796
29,radius=0.4948755,0.9633432,0.85713536
29,radius=0.50843996,0.36911356,0.58662164
29,radius=0.75092566,0.90741426,0.79033977
29,radius=0.29008216,0.41312397,0.32356524
29,radius=0.15614569,0.2857806,0.61018217
29,radius=0.6551893,0.49004877,0.31388932
29,radius=0.91686535,0.35805577,0.60660034
29,radius=0.78520167,0.8451891,0.77989876
29,radius=0.8301442,0.05829096,0.7938193
29,radius=0.8194286,0.33792788,0.78203267
29,radius=0.74341345,0.74459547,0.032107294
29,radius=0.3625101,0.79526305,0.9642357
29,radius=0.90222496,0.4147992,0.6653087
29,radius=0.4693411,0.050652325,0.47713643
30,radius=0.84229976,0.55798775,0.6004386
30,radius=0.2907877,0.4766478,0.85731286
30,radius=0.6938908,0.6338587,0.6598899
30,radius=0.42813104,0.7415507,0.71635973
30,radius=0.017162204,0.35490376,0.99003035
30,radius=0.08395928,0.52776754,0.39589548
30,radius=0.075148106,0.9014923,0.5726902
30,radius=0.6931655,0.1240679,0.8139529
30,radius=0.97049665,0.22162801,0.99905884
30,radius=0.6430565,0.2737971,9.87649E-5
30,radius=0.52944523,0.49580383,0.9385344
30,radius=0.75685084,0.9227144,0.35948497
30,radius=0.79019994,0.9252971,0.07916707
30,radius=0.20313567,0.77687514,0.80469483
30,radius=0.39073318,0.0816139,0.86661583
30,radius=0.6720506,0.80804026,0.9063295
30,radius=0.17961162,0.99363464,0.67555135
30,radius=0.8954954,0.87286216,0.529768
30,radius=0.61825883,0.31395537,0.761547
30,radius=0.63001174,0.8113014,0.8536902
30,radius=0.27717632,0.90589166,0.36289674
30,radius=0.86464494,0.7539689,0.47627503
30,radius=0.5186751,0.9233076,0.593321
30,radius=0.29105318,0.5700342,0.80339587
30,radius=0.98892164,0.53956354,0.97929734
30,radius=0.49706995,0.2748958,0.6820352
30,radius=0.46965766,0.31243116,0.7747924
30,radius=0.24920273,0.9581773,0.35793316
30,radius=0.23437428,0.7341765,0.91613674
30,radius=0.60911936,0.4857486,0.85187936
30,radius=0.34409058,0.7583063,0.14974052
30,radius=0.31817865,0.26099747,0.772095
30,radius=0.68854654,0.45970708,0.78028697
30,radius=0.45166802,0.4881975,0.2158404
30,radius=0.22387218,0.81160045,0.41245216
30,radius=0.9490884,0.6917068,0.09738749
30,radius=0.22427362,0.40506876,0.3339234
30,radius=0.1612041,0.7314951,0.8272251
30,radius=0.67992646,0.44881397,0.5587544
30,radius=0.75658435,0.5697019,0.33543223
31,radius=0.28400248,0.006880343,0.12030977
31,radius=0.43571687,0.9773105,0.69697255
31,radius=0.16809553,0.02390474,0.989538
31,radius=0.12090111,0.38965648,0.9551801
31,radius=0.38896865,0.36845076,0.81149364
31,radius=0.9884896,0.13634759,0.39815044
31,radius=0.5844154,0.8036359,0.2053824
31,radius=0.4896428,0.5857814,0.44569528
31,radius=0.57532966,0.106992185,0.098106384
31,radius=0.5168731,0.44348454,0.026341975
31,radius=0.9980876,0.950919,0.9334497
31,radius=0.8315162,0.16635007,0.95336914
31,radius=0.7377987,0.6802376,0.52711
31,radius=0.22863388,0.7079257,0.35820085
31,radius=0.3080929,0.9354807,0.14437068
31,radius=0.8505248,0.537122,0.5495575
31,radius=0.030736685,0.017958283,0.17861944
31,radius=0.48967308,0.35460103,0.032114804
31,radius=0.57979316,0.6486467,0.958832
31,radius=0.32905477,0.41458046,0.91531
31,radius=0.63382936,0.3284549,0.15868449
31,radius=0.07799113,0.79092616,0.6467452
31,radius=0.32958966,0.74844134,0.52315265
31,radius=0.13294399,0.5127227,0.86621904
31,radius=0.9635217,0.6670651,0.25350904
31,radius=0.055189133,0.9728435,0.19015509
31,radius=0.61265314,0.36481673,0.53681195
31,radius=0.055074155,0.89936525,0.38874674
31,radius=0.11186576,0.18655467,0.3584187
31,radius=0.20180166,0.14537007,0.1719479
31,radius=0.38890857,0.17467064,0.30036932
31,radius=0.740133,0.9156034,0.33447993
31,radius=0.55904305,0.8606629,0.47114724
31,radius=0.25105733,0.46067852,0.15933782
31,radius=0.23552877,0.2955562,0.6762228
31,radius=0.5166265,0.027759254,0.78336245
31,radius=0.93716896,0.62393016,0.06628275
31,radius=0.86065423,0.85467696,0.21745002
31,radius=0.17510432,0.7980337,0.2965647
31,radius=0.5038564,0.1809097,0.530345
32,radius=0.55050963,0.6517729,0.10236573
32,radius=0.8726017,0.47559094,0.7589818
32,radius=0.6302416,0.5956478,0.25922477
32,radius=0.03346026,0.48050255,0.2975769
32,radius=0.7287632,0.2608466,0.6292793
32,radius=0.60293347,0.5493459,0.02910918
32,radius=0.3919257,0.1370216,0.042079926
32,radius=0.28439772,0.4403519,0.8218045
32,radius=0.05487913,0.77673477,0.7523812
32,radius=0.31310052,0.019470572,0.5282551
32,radius=0.78932047,0.7479943,0.042250693
32,radius=0.99526584,0.47744948,0.2411784
32,radius=0.7823182,0.59764403,0.10896313
32,radius=0.55681205,0.5149724,0.9708428
32,radius=0.102458656,0.24956954,0.22672415
32,radius=0.07597619,0.8373867,0.804103
32,radius=0.6675201,0.054174066,0.05664307
32,radius=0.97355163,0.8421603,0.007835388
32,radius=0.8129585,0.5204941,0.56614214
32,radius=0.26187938,0.7048571,0.87149966
32,radius=0.06736827,0.83404773,0.43424588
32,radius=0.11094177,0.5759148,0.009314477
32,radius=0.13832158,0.14088136,0.816594
32,radius=0.95721155,0.76224095,0.42960817
32,radius=0.97621465,0.09319496,0.09529191
32,radius=0.3479877,0.2477209,0.41000772
32,radius=0.28218496,0.76434916,0.4108776
32,radius=0.7894057,0.32320207,0.027653277
32,radius=0.06359124,0.54880613,0.61359817
32,radius=0.23560512,0.30466807,0.33470327
32,radius=0.15575266,0.35785723,0.6387839
32,radius=0.30152988,0.05965805,0.29124385
32,radius=0.14428115,0.12058908,0.07157451
32,radius=0.76897484,0.046340823,0.2614327
32,radius=0.52085936,0.5619126,0.5699538
32,radius=0.643451,0.52551496,0.008585453
32,radius=0.62241244,0.8373927,0.962928
32,radius=0.3307132,0.5528619,0.6271416
32,radius=0.39925593,0.7501237,0.051518977
32,radius=0.74651855,0.3252492,0.26652396
33,radius=0.16008621,0.6363105,0.48373896
33,radius=0.039239407,0.27578527,0.93387616
33,radius=0.39942956,0.5270604,0.50512147
33,radius=0.13168293,0.8209384,0.19277221
33,radius=0.6441079,0.21049768,0.10020894
33,radius=0.9768605,0.87290174,0.7691224
33,radius=0.45643675,0.8984204,0.49430597
33,radius=0.6135504,0.46379715,0.6695262
33,radius=0.718033,0.98731387,0.089493036
33,radius=0.8035326,0.39290744,0.59894735
33,radius=0.08154166,0.2575274,0.63526815
33,radius=0.13165689,0.32319486,0.86951154
33,radius=0.88118184,0.16898882,0.73735476
33,radius=0.65454984,0.51929355,0.24811423
33,radius=0.18296129,0.91600287,0.47244805
33,radius=0.5719754,0.919884,0.4410175
33,radius=0.6874681,0.2387976,0.9037612
33,radius=0.19485778,0.7771447,0.3513052
33,radius=0.8225306,0.6456583,0.11569214
33,radius=0.17045921,0.20775825,0.45715833
33,radius=0.6133595,0.40485233,0.5925758
33,radius=0.9274336,0.5479342,0.5553772
33,radius=0.8810056,0.45022482,0.086492
33,radius=0.9468701,0.31821573,0.98391336
33,radius=0.13154608,0.1086936,0.5759797
33,radius=0.16140795,0.52894706,0.65235513
33,radius=0.0010937452,0.22018504,0.40334833
33,radius=0.82708466,0.4161551,0.4116025
33,radius=0.87923795,0.8077568,0.55195814
33,radius=0.3266409,0.9055686,0.23071247
33,radius=0.15948641,0.59380007,0.5495996
33,radius=0.9921098,0.6683635,0.43449932
33,radius=0.4460681,0.26372772,0.3895787
33,radius=0.45063317,0.0821926,0.66911334
33,radius=0.30587006,0.94466984,0.033892572
33,radius=0.65816396,0.4464904,0.7897443
33,radius=0.92620385,0.08337629,0.33798885
33,radius=0.9585827,0.81903565,0.5318832
33,radius=0.58352727,0.94694734,0.48162532
33,radius=0.022992611,0.9151548,0.47885966
34,radius=0.3374306,0.21001583,0.5909476
34,radius=0.83596796,0.038960516,0.7543309
34,radius=0.628952,0.29241627,0.64262676
34,radius=0.9163617,0.53313315,0.91263926
34,radius=0.20785934,0.78568834,0.44483054
34,radius=0.19473845,0.216757,0.9144905
34,radius=0.042748928,0.69170606,0.33084357
34,radius=0.20482075,0.21066463,0.015509129
34,radius=0.59969395,0.8845678,0.032377124
34,radius=0.41749698,0.6222208,0.35388494
34,radius=0.21893811,0.8774068,0.07144779
34,radius=0.9151101,0.32444578,0.9165266
34,radius=0.5882691,0.34902167,0.9004871
34,radius=0.61462975,0.5174671,0.012604296
34,radius=0.36569023,0.6693861,0.25425172
34,radius=0.105410874,0.5064683,0.4834574
34,radius=0.06150359,0.18329734,0.49919426
34,radius=0.718911,0.3421166,0.04309535
34,radius=0.36464608,0.11956519,0.2583077
34,radius=0.11611915,0.18515539,0.59617674
34,radius=0.79710394,0.3018499,0.9766305
34,radius=0.1018666,0.4206478,0.2583936
34,radius=0.19530684,0.028877854,0.109338224
34,radius=0.009194076,0.7471129,0.1437856
34,radius=0.21862394,0.99494094,0.4709674
34,radius=0.18590564,0.20558023,0.51771635
34,radius=0.1918078,0.5002478,0.033971965
34,radius=0.7163676,0.030982018,0.60744715
34,radius=0.29666942,0.5561991,0.057727575
34,radius=0.6523094,0.678031,0.7937863
34,radius=0.043350816,0.7716855,0.9577851
34,radius=0.9236019,0.907576,0.71122855
34,radius=0.989275,0.86490405,0.9331377
34,radius=0.45718992,0.8915095,0.69578385
34,radius=0.36946505,0.26991272,0.51478297
34,radius=0.3803618,0.18928528,0.6743412
34,radius=0.27777463,0.9119129,0.43381947
34,radius=0.6220629,0.94975233,0.059402466
34,radius=0.35425448,0.9596464,0.35012913
34,radius=0.360833,0.8912514,0.36796433
35,radius=0.2619545,0.44407636,0.64336437
35,radius=0.8717115,0.23233289,0.009732246
35,radius=0.008132935,0.5421231,0.28233302
35,radius=0.007868111,0.75785506,0.505067
35,radius=0.74699223,0.62871903,0.27956474
35,radius=0.06977695,0.81539863,0.6363104
35,radius=0.574372,0.24949652,0.8429197
35,radius=0.29538244,0.8522001,0.15515888
35,radius=0.44102252,0.088332355,0.002842486
35,radius=0.5033435,0.30306047,0.4490062
35,radius=0.5107474,0.24746394,0.40793705
35,radius=0.8765141,0.0057888627,0.69015956
35,radius=0.4720766,0.9254705,0.6465912
35,radius=0.48828775,0.9977367,0.94624853
35,radius=0.34739697,0.1621288,0.7121108
35,radius=0.020173848,0.5553086,0.33792657
35,radius=0.5922484,0.20339602,0.82388633
35,radius=0.3363303,0.52653503,0.06590736
35,radius=0.9141097,0.54543245,0.24093401
35,radius=0.14839578,0.07775116,0.540799
35,radius=0.6996147,0.62202215,0.6750741
35,radius=0.21916723,0.32283658,0.34062147
35,radius=0.37285566,0.45847642,0.11349684
35,radius=0.040181875,0.025091588,0.4938584
35,radius=0.9766861,0.53883517,0.5130321
35,radius=0.3745255,0.9986549,0.9971835
35,radius=0.5097065,0.43566543,0.33312976
35,radius=0.14191592,0.42374218,0.6561187
35,radius=0.24990213,0.56677675,0.8956026
35,radius=0.3785265,0.22465503,0.98860985
35,radius=0.7845288,0.023688734,0.09730953
35,radius=0.54010737,0.8552553,0.8430587
35,radius=0.97162473,0.6658681,0.49939734
35,radius=0.20876503,0.85984343,0.99835485
35,radius=0.09731752,0.5535477,0.046944022
35,radius=0.22240943,0.72293055,0.53590304
35,radius=0.7292613,0.5913306,0.13759243
35,radius=0.8390661,0.9072331,0.5874648
35,radius=0.62185526,0.81484467,0.532784
35,radius=0.582247,0.50798863,0.8815209
36,radius=0.21660292,0.5700906,0.2285049
36,radius=0.77554685,0.91470104,0.88099456
36,radius=0.6642977,0.631743,0.12162566
36,radius=0.031056523,0.4235989,0.18980998
36,radius=0.5320846,0.9540185,0.14548498
36,radius=0.42378926,0.076664865,0.047658026
36,radius=0.4019063,0.8407622,0.7885876
36,radius=0.61781484,0.04298842,0.13704091
36,radius=0.5841125,0.8760377,0.011562228
36,radius=0.97246337,0.88228875,0.1520186
36,radius=0.110934556,0.37132627,0.45319456
36,radius=0.06570947,0.2875194,0.39571697
36,radius=0.71449846,0.11158574,0.7849074
36,radius=0.40871668,0.25446832,0.2172504
36,radius=0.37516725,0.6747741,0.5214233
36,radius=0.33190924,0.254188,0.7842554
36,radius=0.026670992,0.41175818,0.96885157
36,radius=0.5686361,0.7174244,0.4367088
36,radius=0.43355447,0.750032,0.31090063
36,radius=0.4069528,0.091498315,0.57989013
36,radius=0.779247,0.9225782,0.12226999
36,radius=0.5309489,0.04121262,0.6918725
36,radius=0.22220713,0.65639675,0.47032356
36,radius=0.5942679,0.45917624,0.29103273
36,radius=0.55606705,0.14543307,0.49059522
36,radius=0.18978113,0.9552296,0.9812275
36,radius=0.6353485,0.15590388,0.0116629
36,radius=0.35369116,0.8998367,0.4595623
36,radius=0.38659847,0.37862617,0.7095578
36,radius=0.47002143,0.7760468,0.60647196
36,radius=0.31475556,0.5828863,0.3602777
36,radius=0.32501578,0.28682435,0.7065827
36,radius=0.9619869,0.21609122,0.25699496
36,radius=0.8472147,0.22923517,0.65399647
36,radius=0.76663655,0.09346092,0.11695135
36,radius=0.07922393,0.38619983,0.026950061
36,radius=0.6427017,0.7386892,0.8449465
36,radius=0.07032448,0.23013544,0.33753967
36,radius=0.9143135,0.9148642,0.83426154
36,radius=0.185516,0.96284556,0.15008861
37,radius=0.28201777,0.12370759,0.68347746
37,radius=0.27285612,0.429285,0.39315826
37,radius=0.086743355,0.7244479,0.66200066
37,radius=0.7442494,0.6458928,0.87182844
37,radius=0.05178088,0.69543433,0.39818686
37,radius=0.93067276,0.396973,0.45399976
37,radius=0.7495871,0.4204207,0.9975284
37,radius=0.7989117,0.13484544,0.8606949
37,radius=0.21420932,0.8063775,0.3958683
37,radius=0.400227,0.4488539,0.55331343
37,radius=0.24716836,0.1577627,0.92926687
37,radius=0.58808607,0.53979284,0.44043684
37,radius=0.6550424,0.7029544,0.37751597
37,radius=0.5899221,0.3453849,0.06705958
37,radius=0.025239885,0.78029764,0.8410344
37,radius=0.5366844,0.97653896,0.83472157
37,radius=0.34211212,0.42056966,0.2153005
37,radius=0.861911,0.13257778,0.8776749
37,radius=0.26878285,0.95005393,0.14867759
37,radius=0.7138856,0.9625688,0.14763188
37,radius=0.3200063,0.6394007,0.1614201
37,radius=0.75088894,0.052500725,0.08210707
37,radius=0.22661686,0.3901283,0.36582875
37,radius=0.7220145,0.40583277,0.3360706
37,radius=0.95437086,0.83126223,0.06487948
37,radius=0.74819803,0.05056703,0.8524177
37,radius=0.19383878,0.56501245,0.24920863
37,radius=0.019495249,0.2983715,0.3377297
37,radius=0.046791196,0.08168161,0.89867556
37,radius=0.37104142,0.48495334,0.7051394
37,radius=0.8851049,0.034731388,0.013056815
37,radius=0.04507202,0.85542494,0.41630232
37,radius=0.13200563,0.45570165,0.9217684
37,radius=0.60614276,0.007457435,0.7627865
37,radius=0.91638297,0.7425517,0.58178544
37,radius=0.9002591,0.2381776,0.53418237
37,radius=0.63476396,0.7136103,0.013949752
37,radius=0.7528316,0.18534899,0.07749534
37,radius=0.74919885,0.22127318,0.86162835
37,radius=0.1490525,0.116933584,0.07092881
38,radius=0.65108657,0.5695675,0.1140883
38,radius=0.6147721,0.09693813,0.56901854
38,radius=0.7583321,0.38707697,0.47696716
38,radius=0.31829607,0.19439888,0.73444176
38,radius=0.4838767,0.44892895,0.6519825
38,radius=0.79396003,0.7457441,0.725524
38,radius=0.41499954,0.61408955,0.9012147
38,radius=0.045663476,0.62480074,0.8015095
38,radius=0.43012005,0.906952,0.38346392
38,radius=0.34001642,0.043471992,0.3238557
38,radius=0.18791962,0.8234856,0.08803332
38,radius=0.70021796,0.30406648,0.78739077
38,radius=0.86592084,0.3270231,0.29535133
38,radius=0.043484807,0.9474338,0.7730495
38,radius=0.5925661,0.78426313,0.16962576
38,radius=0.7155844,0.16150731,0.17013997
38,radius=0.78376883,0.6695544,0.06394988
38,radius=0.4133731,0.12715751,0.5195815
38,radius=0.97701097,0.3773077,0.749634
38,radius=0.84704834,0.6389699,0.094234645
38,radius=0.38939327,0.33281952,0.21912444
38,radius=0.6249522,0.8482693,0.2685122
38,radius=0.8990917,0.4209935,0.2116664
38,radius=0.6409606,0.5275214,0.9675669
38,radius=0.056058228,0.78472024,0.23451519
38,radius=0.47080952,0.11662924,0.09817815
38,radius=0.9218042,0.7743601,0.19391453
38,radius=0.3652727,0.7762159,0.44302422
38,radius=0.9715459,0.34529662,0.47407794
38,radius=0.0090607405,0.5234158,0.21921277
38,radius=0.78049403,0.041130304,0.9993323
38,radius=0.39691293,0.4180557,0.8470857
38,radius=0.7007723,0.98360336,0.64330834
38,radius=0.9675699,0.16551262,0.7158174
38,radius=0.07558632,0.9439421,0.16019446
38,radius=0.45238453,0.26171,0.26564425
38,radius=0.5873631,0.84010005,0.91215754
38,radius=0.61111987,0.21794903,0.7680266
38,radius=0.03098178,0.013326764,0.09686512
38,radius=0.83164984,0.4948436,0.004363954
39,radius=0.9597238,0.7300205,0.055772245
39,radius=0.3280769,0.6347057,0.0045052767
39,radius=0.073777676,0.8255385,0.20076418
39,radius=0.24867141,0.40598416,0.46313393
39,radius=0.93320453,0.9500581,0.24826097
39,radius=0.8286657,0.9278605,0.6397685
39,radius=0.391806,0.86311966,0.9125712
39,radius=0.019218802,0.908302,0.5035523
39,radius=0.6478875,0.28527802,0.22697431
39,radius=0.25715548,0.58809507,0.009526432
39,radius=0.5466627,0.22010863,0.70020384
39,radius=0.84769785,0.32525092,0.75474167
39,radius=0.28295892,0.61341596,0.41689336
39,radius=0.72897726,0.5098855,0.2962827
39,radius=0.85573643,0.6735191,0.72525764
39,radius=0.84154874,0.77516264,0.2734282
39,radius=0.2506438,0.5434349,0.10652578
39,radius=0.45834494,0.37893468,0.7962522
39,radius=0.51406294,0.744547,0.12473339
39,radius=0.45948005,0.12695307,0.99530065
39,radius=0.21252519,0.94073045,0.5497512
39,radius=0.06468421,0.2806328,0.20299089
39,radius=0.033708334,0.86351013,0.6886942
39,radius=0.63177603,0.62944764,0.80151594
39,radius=0.9840064,0.12902069,0.31240106
39,radius=0.71315277,0.6179119,0.9620335
39,radius=0.06322837,0.73869735,0.033433914
39,radius=0.019049108,0.42368203,0.009814084
39,radius=0.66120815,0.8924371,0.25221395
39,radius=0.75897574,0.56961894,0.014142275
39,radius=0.03182596,0.8433253,0.6898005
39,radius=0.24626315,0.7846678,0.9317605
39,radius=0.36526567,0.4267723,0.21371472
39,radius=0.36349922,0.9134913,0.38330978
39,radius=0.3021835,0.13953173,0.40253925
39,radius=0.5569361,0.077451706,0.67567927
39,radius=0.6750817,0.27603602,0.3000549
39,radius=0.9261009,0.04600054,0.7446615
39,radius=0.3223756,0.7057763,0.074650705
39,radius=0.26906312,0.51908517,0.50462073
40,radius=0.85699195,0.028959394,0.84632903
40,radius=0.38878757,0.1745556,0.3137812
40,radius=0.8639308,0.7070666,0.2333976
40,radius=0.7825925,0.7088669,0.981389
40,radius=0.9781057,0.93510264,0.84871876
40,radius=0.021022975,0.61707747,0.10622257
40,radius=0.40666503,0.62023854,0.6654202
40,radius=0.9852432,0.025931418,0.71363294
40,radius=0.099814415,0.77407545,0.21269155
40,radius=0.8494887,0.43007195,0.87233055
40,radius=0.26207018,0.41092205,0.08159828
40,radius=0.89259565,0.8397071,0.027110934
40,radius=0.6906782,0.20512348,0.8290331
40,radius=0.5906639,0.8664088,0.31874698
40,radius=0.8895267,0.03396833,0.56081814
40,radius=0.90872556,0.42192733,0.8970116
40,radius=0.31944674,0.59012085,0.061460614
40,radius=0.9497199,0.5312928,0.9480078
40,radius=0.069010556,0.9994301,0.048002005
40,radius=0.41729766,0.8528746,0.13296628
40,radius=0.6516228,0.35225248,0.51093966
40,radius=0.20531088,0.2878734,0.73910165
40,radius=0.5561003,0.41355157,0.4830314
40,radius=0.13784951,0.5884211,0.38428235
40,radius=0.17823279,0.44783616,0.45846385
40,radius=0.78169644,0.3617623,0.2854492
40,radius=0.670519,0.017113447,0.39005148
40,radius=0.15428019,0.28599,0.041644156
40,radius=0.059431195,0.14379317,0.18029189
40,radius=0.34323907,0.13668382,0.7811735
40,radius=0.09638047,0.38675898,0.7562147
40,radius=0.5045178,0.83009475,0.64832073
40,radius=0.43992966,0.34911233,0.023150265
40,radius=0.7485245,0.3530292,0.12054205
40,radius=0.26579404,0.7068865,0.15087396
40,radius=0.050222337,0.50034904,0.0736475
40,radius=0.5404549,0.6252257,0.43730932
40,radius=0.27497923,0.63202786,0.592673
40,radius=0.85608006,0.39148045,0.71501243
40,radius=0.6503001,0.16231036,0.31387323
41,radius=0.4854073,0.30720305,0.18612826
41,radius=0.0588184,0.066143155,0.4145034
41,radius=0.620754,0.12565452,0.12501466
41,radius=0.10717142,0.7413759,0.55742896
41,radius=0.91056997,0.30321532,0.5440989
41,radius=0.25632507,0.7027116,0.8315194
41,radius=0.48529637,0.35480148,0.91417223
41,radius=0.6160432,0.7327543,0.30698627
41,radius=0.31708944,0.36545885,0.3992902
41,radius=0.69184643,0.90840465,0.61037725
41,radius=0.3373549,0.5603503,0.6395472
41,radius=0.45276445,0.8462933,0.48674357
41,radius=0.72500294,0.24546856,0.200858
41,radius=0.58472383,0.43376285,0.69479287
41,radius=0.6496557,0.6588631,0.5957773
41,radius=0.8696986,0.9954979,0.74435216
41,radius=0.7265022,0.05458063,0.98678726
41,radius=0.48639804,0.9061511,0.7488185
41,radius=0.0913921,0.89491796,0.8317006
41,radius=0.7987895,0.253851,0.82915974
41,radius=0.79002506,0.2531823,0.55575705
41,radius=0.29730642,0.4463532,0.11984068
41,radius=0.30094814,0.052870274,0.085771024
41,radius=0.5346926,0.5654766,0.61575687
41,radius=0.33460188,0.646397,0.211654
41,radius=0.40241927,0.9866398,0.6931235
41,radius=0.43080992,0.10577679,0.69550896
41,radius=0.67242485,0.10642707,0.38893414
41,radius=0.31359124,0.75668037,0.37431043
41,radius=0.74270403,0.17035723,0.21338618
41,radius=0.28632838,0.4791476,0.71453136
41,radius=0.2831003,0.18656957,0.09356058
41,radius=0.5869213,0.93268216,0.40165132
41,radius=0.0054266453,0.25117034,0.025295675
41,radius=0.88918644,0.19284678,0.96100146
41,radius=0.57229036,0.22947806,0.75096273
41,radius=0.77318853,0.8994838,0.57540405
41,radius=0.5471865,0.9796192,0.768607
41,radius=0.07483995,0.1070025,0.19912684
41,radius=0.44394606,0.6701418,0.6642381
42,radius=0.15675873,0.7358522,0.9948291
42,radius=0.6500789,0.6149848,0.85790473
42,radius=0.60651165,0.7937437,0.5544833
42,radius=0.57813394,0.38444346,0.7352924
42,radius=0.9560352,0.38357115,0.8647712
42,radius=0.14380956,0.8234179,0.87703174
42,radius=0.31276953,0.18181145,0.81538653
42,radius=0.34565818,0.45850575,0.8102957
42,radius=0.9067878,0.27965093,0.4659558
42,radius=0.06513941,0.54230905,0.0018593669
42,radius=0.8663105,0.9917774,0.19942975
42,radius=0.58414876,0.6118411,0.559269
42,radius=0.5876965,0.30109733,0.024284124
42,radius=0.77594006,0.58357584,0.2526669
42,radius=0.65191036,0.8391607,0.15358573
42,radius=0.4252367,0.983561,0.74198407
42,radius=0.93851584,0.2581082,0.5578724
42,radius=0.67797303,0.3592944,0.8467242
42,radius=0.35421264,0.5093238,0.32704806
42,radius=0.8039723,0.9516779,0.74725616
42,radius=0.178357,0.77975035,0.9276409
42,radius=0.02057439,0.859483,0.9222867
42,radius=0.36221308,0.039447725,0.71391726
42,radius=0.57147145,0.2846204,0.0860796
42,radius=0.31506348,0.076737106,0.9975657
42,radius=0.14939904,0.47496057,0.4050272
42,radius=0.64243996,0.86273926,0.96101743
42,radius=0.67642546,0.20867509,0.37528658
42,radius=0.19174731,0.6675331,0.6721299
42,radius=0.4916556,0.6510617,0.8402495
42,radius=0.68834287,0.7291513,0.36603415
42,radius=0.4739232,0.5255523,0.077123225
42,radius=0.20802456,0.84272254,0.848993
42,radius=0.9834378,0.19014686,0.13146454
42,radius=0.8521692,0.5537462,0.29935938
42,radius=0.41911948,0.75323653,0.8222897
42,radius=0.6886952,0.7799574,0.15659463
42,radius=0.75897443,0.4996704,0.5111562
42,radius=0.43320793,0.014990687,0.9376965
42,radius=0.049084485,0.45057285,0.20510674
43,radius=0.40260947,0.94420946,0.14499927
43,radius=0.46843457,0.86406475,0.020278752
43,radius=0.40173572,0.31362838,0.53820264
43,radius=0.7969959,0.31023663,0.47248828
43,radius=0.6118077,0.8809357,0.101106465
43,radius=0.18362558,0.52581924,0.92686343
43,radius=0.012592316,0.4398604,0.046330452
43,radius=0.08075279,0.8856771,0.14558202
43,radius=0.17946965,0.28157848,0.29553968
43,radius=0.62594414,0.8463755,0.6704592
43,radius=0.43029833,0.44400734,0.9114274
43,radius=0.6485628,0.9856659,0.887845
43,radius=0.96084654,0.8563137,0.8945968
43,radius=0.9475947,0.17636287,0.8254362
43,radius=0.99735355,0.117348075,0.77205473
43,radius=0.29491657,0.66346276,0.761638
43,radius=0.05958277,0.14790124,0.6771736
43,radius=0.99223405,0.091318965,0.7877994
43,radius=0.30731922,0.24725199,0.58142555
43,radius=0.1505146,0.7065762,0.8686064
43,radius=0.016489029,0.7709646,0.5703079
43,radius=0.5810949,0.40021825,0.6642074
43,radius=0.16837734,0.61052495,0.30694187
43,radius=0.7259915,0.42206705,0.29104793
43,radius=0.9877986,0.83898914,7.0536137E-4
43,radius=0.03312385,0.3388244,0.5270222
43,radius=0.46756542,0.91131395,0.024459064
43,radius=0.4210888,0.21148503,0.42152494
43,radius=0.8917944,0.7818855,0.29949528
43,radius=0.014658332,0.7142725,0.11085796
43,radius=0.9071997,0.28023952,0.98823786
43,radius=0.42581183,0.69901735,0.40001887
43,radius=0.9571071,0.9810809,0.40158767
43,radius=0.06638569,0.756916,0.18263769
43,radius=0.9431882,0.140472,0.8302441
43,radius=0.7449059,0.41309285,0.16492963
43,radius=0.82522345,0.021094203,0.86119044
43,radius=0.5295501,0.6303593,0.12843424
43,radius=0.6343018,0.7752939,0.057716012
43,radius=0.4027189,0.69652635,0.7031614
44,radius=0.36717564,0.7783311,0.7517202
44,radius=0.90740746,0.26806605,0.67638546
44,radius=0.40069264,0.9817114,0.24261343
44,radius=0.65136015,0.565433,0.9603511
44,radius=0.228724,0.7499015,0.546634
44,radius=0.45758396,0.7128262,0.64409745
44,radius=0.6896864,0.8259461,0.68207926
44,radius=0.028753698,0.15052944,0.16013706
44,radius=0.35521722,0.6593282,0.32080883
44,radius=0.37665588,0.3138411,0.73604244
44,radius=0.53906256,0.06959432,0.7396522
44,radius=0.7169908,0.7298846,0.36852688
44,radius=0.05663097,0.18523812,0.31629813
44,radius=0.8910907,0.52210295,0.036481738
44,radius=0.51006675,0.7205187,0.36422604
44,radius=0.6325688,0.90916663,0.6050661
44,radius=0.34853327,0.27281147,0.1205585
44,radius=0.80810595,0.11124545,0.16358447
44,radius=0.91976595,0.09890151,0.9262362
44,radius=0.2641868,0.68725705,0.7070955
44,radius=0.4955085,0.9036019,0.5965223
44,radius=0.9392759,0.8551816,0.8019135
44,radius=0.23196387,0.9222354,0.071267664
44,radius=0.19817793,0.08879173,0.2714823
44,radius=0.3285358,0.74308515,0.24523169
44,radius=0.64007515,0.57374907,0.9224559
44,radius=0.53327245,0.16494453,0.609367
44,radius=0.25234306,0.7923314,0.9566682
44,radius=0.5089059,0.7471742,0.435638
44,radius=0.4634397,0.2696491,0.08106303
44,radius=0.14748734,0.84809333,0.57702047
44,radius=0.014321446,0.25708854,0.3440346
44,radius=0.53803205,0.5706453,0.28844148
44,radius=0.8754007,0.87476486,0.8568686
44,radius=0.5930592,0.34050447,0.74444497
44,radius=0.50115365,0.45157355,0.7454747
44,radius=0.47755694,0.33470327,0.84011114
44,radius=0.54500985,0.7724518,0.99737054
44,radius=0.3472166,0.88543534,0.44252616
44,radius=0.6528357,0.7870714,0.066064656
45,radius=0.46693867,0.5405618,0.9510293
45,radius=0.0668928,0.13045222,0.95065504
45,radius=0.57400256,0.028274417,0.6118231
45,radius=0.21075892,0.31188858,0.64422804
45,radius=0.1395945,0.09508532,0.9565935
45,radius=0.51778024,0.6621888,0.2407549
45,radius=0.5749874,0.3656717,0.5541355
45,radius=0.008614302,0.26840514,0.26656997
45,radius=0.20860356,0.81251365,0.028377175
45,radius=0.5733994,0.9245307,0.28832716
45,radius=0.2843749,0.46103346,0.35638392
45,radius=0.17331827,0.9598485,0.76085126
45,radius=0.40927762,0.64839697,0.9986854
45,radius=0.12125385,0.1452828,0.829338
45,radius=0.810453,0.367419,0.09739339
45,radius=0.20019454,0.71509206,0.5317408
45,radius=0.46049494,0.8881497,0.6923672
45,radius=0.5340456,0.30416018,0.56221426
45,radius=0.8952855,0.1314435,0.10615462
45,radius=0.3799538,0.9474,0.0833168
45,radius=0.17976755,0.24137485,0.8795771
45,radius=0.617345,0.61972475,0.7749254
45,radius=0.18123114,0.19563293,0.14333534
45,radius=0.06807357,0.2436099,0.3020749
45,radius=0.094153285,0.45808095,0.99851036
45,radius=0.86730635,0.108897805,0.4644444
45,radius=0.7354616,0.95835847,0.7444007
45,radius=0.6232402,0.48523337,0.25693953
45,radius=0.2052865,0.97858834,0.44941956
45,radius=0.4817531,0.20591664,0.90410703
45,radius=0.33735144,0.4531942,0.7084459
45,radius=0.827118,0.1358732,0.70800745
45,radius=0.584873,0.073188305,0.41836023
45,radius=0.030071616,0.20257169,0.15417475
45,radius=0.32118154,0.63250935,0.09343445
45,radius=0.30821377,0.44365156,0.99508035
45,radius=0.5655594,0.3371511,0.21703976
45,radius=0.096672714,0.69807655,0.85091877
45,radius=0.43570238,0.38117808,0.2346062
45,radius=0.9476674,0.23578024,0.7297464
46,radius=0.0116330385,0.81212044,0.9407512
46,radius=0.5895596,0.79040956,0.37679416
46,radius=0.98495454,0.8843485,0.9641874
46,radius=0.72686684,0.16173851,0.47360337
46,radius=0.64979225,0.030698657,0.98718506
46,radius=0.9453635,0.7477185,0.94060594
46,radius=0.91149354,0.049391806,0.54555905
46,radius=0.26642334,0.6845901,0.22284925
46,radius=0.6509637,0.5521757,0.008530796
46,radius=0.12218773,0.073939085,0.19318795
46,radius=0.77837867,0.14141041,0.9352886
46,radius=0.6920712,0.08155447,0.25276452
46,radius=0.35203248,0.16568202,0.44082093
46,radius=0.41097963,0.9489645,0.16906035
46,radius=0.8068453,0.9243534,0.8409548
46,radius=0.13732523,0.68211395,0.40145123
46,radius=0.011665285,0.30649298,0.7788803
46,radius=0.24517983,0.73511356,0.35625148
46,radius=0.46048087,0.87890697,0.016722798
46,radius=0.42207092,0.20904028,0.4726286
46,radius=0.20549011,0.7039756,0.7152219
46,radius=0.48957378,0.69965833,0.011289299
46,radius=0.24979919,0.82183844,0.5513999
46,radius=0.036269665,0.4955994,0.13253325
46,radius=0.30373394,0.4574558,0.3755778
46,radius=0.60453147,0.36305684,0.6015967
46,radius=0.8828525,0.023339748,0.93674237
46,radius=0.010139644,0.91648364,0.73314285
46,radius=0.12636948,0.9845205,0.45830184
46,radius=0.8180827,0.25798362,0.8490974
46,radius=0.53744864,0.02082336,0.31174594
46,radius=0.049829125,0.657419,0.6410638
46,radius=0.26035,0.28216845,0.18281382
46,radius=0.50964504,0.8802897,0.047682345
46,radius=0.4678985,0.23914301,0.8196699
46,radius=0.51332694,0.76520085,0.26734763
46,radius=0.3136161,0.38091075,0.5791847
46,radius=0.7719371,0.37193674,0.9610244
46,radius=0.66754806,0.70722234,0.7276244
46,radius=0.5326668,0.27157074,0.9394416
47,radius=0.5770029,0.029453933,0.018253028
47,radius=0.084516466,0.48512864,0.088737726
47,radius=0.10166931,0.9714778,0.057985246
47,radius=0.8930352,0.3596933,0.68075156
47,radius=0.3153242,0.43730605,0.8405791
47,radius=0.64087117,0.2832402,0.7423677
47,radius=0.50007915,0.005499661,0.65142
47,radius=0.09430295,0.21189147,0.0027118921
47,radius=0.16857153,0.12939769,0.62393093
47,radius=0.3379041,0.5016583,0.30529016
47,radius=0.14924467,0.07060921,0.7655856
47,radius=0.29875976,0.3037054,0.7043616
47,radius=0.55950433,0.650418,0.27452505
47,radius=0.48835874,0.98427033,0.814808
47,radius=0.86105233,0.8536333,0.13879281
47,radius=0.15252292,0.7497848,0.5465482
47,radius=0.14263242,0.25347877,0.8372098
47,radius=0.00852561,0.96548796,0.9451277
47,radius=0.0057716966,0.3410442,0.68399894
47,radius=0.006989181,0.28936684,0.32520324
47,radius=0.17105919,0.77735305,0.7753212
47,radius=0.29983097,0.35669184,0.7464463
47,radius=0.310484,0.68357545,0.8021998
47,radius=0.8329435,0.1811561,0.8251797
47,radius=0.38613468,0.24076092,0.38197786
47,radius=0.030835032,0.9125928,0.6970574
47,radius=0.98017305,0.7248852,0.68605417
47,radius=0.039832115,0.9118392,0.0051062107
47,radius=0.83465624,0.81716293,0.45008677
47,radius=0.43931413,0.95328736,0.995787
47,radius=0.5851675,0.977296,0.54267246
47,radius=0.4733317,0.8193417,0.81026727
47,radius=0.56981146,0.7181321,0.9597712
47,radius=0.96662223,0.11343926,0.09841287
47,radius=0.58748966,0.28316557,0.59596056
47,radius=0.83699167,0.076393306,0.10892689
47,radius=0.16655016,0.77001876,0.56077003
47,radius=0.9858277,0.78039724,0.38318026
47,radius=0.72129023,0.4867643,0.8236428
47,radius=0.8339467,0.9364209,0.085115135
48,radius=0.2928263,0.27080947,0.9872722
48,radius=0.78712976,0.78220326,0.010433257
48,radius=0.69204086,0.7134285,0.49063492
48,radius=0.8108332,0.07329166,0.6291973
48,radius=0.08478403,0.634405,0.8524766
48,radius=0.10017604,0.339877,0.026288927
48,radius=0.9567369,0.5353516,0.8646685
48,radius=0.014863193,0.5859696,0.046738684
48,radius=0.72915286,0.14546633,0.19484895
48,radius=0.5831234,0.29309946,0.5912183
48,radius=0.26465756,0.25086254,0.21965045
48,radius=0.23847318,0.35895503,0.24638957
48,radius=0.7594791,0.9377595,0.8180472
48,radius=0.53224814,0.7833462,0.72549427
48,radius=0.027454793,0.84302396,0.36590683
48,radius=0.19186115,0.36327678,0.93934935
48,radius=0.6385424,0.43372315,0.18129551
48,radius=0.19523072,0.056666672,0.27910626
48,radius=0.9762859,0.6424167,0.60586864
48,radius=0.9955994,0.63331527,0.8696552
48,radius=0.0054971576,0.24602842,0.4545104
48,radius=0.6268542,0.87759745,0.081180036
48,radius=0.94412136,0.3848759,0.6188298
48,radius=0.66449004,0.63363266,0.29958957
48,radius=0.34410638,0.8139191,0.12971014
48,radius=0.20064002,0.5297808,0.3812883
48,radius=0.06408119,0.1260444,0.6535405
48,radius=0.73182344,0.34982312,0.1362111
48,radius=0.25553554,0.85239863,0.6273891
48,radius=0.32641876,0.9942084,0.8248997
48,radius=0.6810748,0.104456484,0.769864
48,radius=0.9233363,0.97818357,0.47739214
48,radius=0.18397105,0.5050024,0.025174916
48,radius=0.6938093,0.10285956,0.19543797
48,radius=0.5344931,0.5889724,0.02685827
48,radius=0.84563744,0.18010765,0.18199772
48,radius=0.22159237,0.052433133,0.10722375
48,radius=0.856108,0.054376066,0.06697124
48,radius=0.11092013,0.023442984,0.86822236
48,radius=0.012498677,0.1590687,0.8208131
49,radius=0.46488035,0.14129174,0.8292349
49,radius=0.9282167,0.040207684,0.6066016
49,radius=0.17408007,0.8697704,0.40532476
49,radius=0.2592762,0.52047205,0.9465093
49,radius=0.6475923,0.5462536,0.98521537
49,radius=0.7811628,0.71794516,0.19455433
49,radius=0.56741583,0.8349488,0.86481225
49,radius=0.66607815,0.77023935,0.9238328
49,radius=0.20493841,0.644173,0.15863448
49,radius=0.625528,0.48138875,0.3103978
49,radius=0.35391682,0.2722274,0.40350467
49,radius=0.06851047,0.021935701,0.01747799
49,radius=0.7251183,0.823873,0.9141994
49,radius=0.80815226,0.80315214,0.8178723
49,radius=0.22962445,0.6921649,0.46168172
49,radius=0.18942952,0.62790006,0.5355421
49,radius=0.755096,0.93315625,0.43386883
49,radius=0.022950351,0.6322608,0.2432859
49,radius=0.606476,0.46619803,0.5212913
49,radius=0.5743527,0.22702867,0.9660561
49,radius=0.7170348,0.2670383,0.80163807
49,radius=0.46263224,0.911617,0.6370913
49,radius=0.9243411,0.09523243,0.7790305
49,radius=0.8163292,0.55366945,0.5790391
49,radius=0.73995405,0.8801408,0.7001451
49,radius=0.32603693,0.6906519,0.36144978
49,radius=0.979749,0.20255,0.89337844
49,radius=0.80571353,0.6738678,0.8647886
49,radius=0.47431535,0.68729204,0.45523953
49,radius=0.8643071,0.15341437,0.60962176
49,radius=0.23828286,0.31276953,0.29897028
49,radius=0.028390825,0.0278157,0.06352794
49,radius=0.034272075,0.7497783,0.6500917
49,radius=0.6580046,0.56588423,0.59936386
49,radius=0.7224697,0.8276123,0.810219
49,radius=0.069229245,0.6616658,0.09495729
49,radius=0.6899245,0.52187896,0.34484684
49,radius=0.017478049,0.59271073,0.95385194
49,radius=0.7628289,0.2267378,0.6366697
49,radius=0.14634812,0.571028,0.57969475
